"","stype","enumeration","household","weight","response","id"
"1",1,2,14,45.1037974683544,0.79,1
"2",1,2,21,45.1037974683544,0.79,2
"3",1,2,51,45.1037974683544,0.79,3
"4",1,2,74,45.1037974683544,0.79,4
"5",1,2,79,45.1037974683544,0.79,5
"6",1,2,85,45.1037974683544,0.79,6
"7",1,2,129,45.1037974683544,0.79,7
"8",1,2,162,45.1037974683544,0.79,8
"9",1,2,167,45.1037974683544,0.79,9
"10",1,2,182,45.1037974683544,0.79,10
"11",1,2,187,45.1037974683544,0.79,11
"12",1,2,210,45.1037974683544,0.79,12
"13",1,2,215,45.1037974683544,0.79,13
"14",1,2,225,45.1037974683544,0.79,14
"15",1,6,14,43.9901234567901,0.81,15
"16",1,6,21,43.9901234567901,0.81,16
"17",1,6,34,43.9901234567901,0.81,17
"18",1,6,37,43.9901234567901,0.81,18
"19",1,6,43,43.9901234567901,0.81,19
"20",1,6,51,43.9901234567901,0.81,20
"21",1,6,68,43.9901234567901,0.81,21
"22",1,6,74,43.9901234567901,0.81,22
"23",1,6,85,43.9901234567901,0.81,23
"24",1,6,105,43.9901234567901,0.81,24
"25",1,6,106,43.9901234567901,0.81,25
"26",1,6,129,43.9901234567901,0.81,26
"27",1,6,162,43.9901234567901,0.81,27
"28",1,6,165,43.9901234567901,0.81,28
"29",1,6,167,43.9901234567901,0.81,29
"30",1,6,182,43.9901234567901,0.81,30
"31",1,9,14,42.4190476190476,0.84,31
"32",1,9,21,42.4190476190476,0.84,32
"33",1,9,43,42.4190476190476,0.84,33
"34",1,9,51,42.4190476190476,0.84,34
"35",1,9,68,42.4190476190476,0.84,35
"36",1,9,73,42.4190476190476,0.84,36
"37",1,9,74,42.4190476190476,0.84,37
"38",1,9,79,42.4190476190476,0.84,38
"39",1,9,85,42.4190476190476,0.84,39
"40",1,9,106,42.4190476190476,0.84,40
"41",1,9,162,42.4190476190476,0.84,41
"42",1,9,167,42.4190476190476,0.84,42
"43",1,9,182,42.4190476190476,0.84,43
"44",1,9,187,42.4190476190476,0.84,44
"45",1,9,210,42.4190476190476,0.84,45
"46",1,9,213,42.4190476190476,0.84,46
"47",1,9,215,42.4190476190476,0.84,47
"48",1,9,225,42.4190476190476,0.84,48
"49",1,12,79,40.0359550561798,0.89,49
"50",1,12,85,40.0359550561798,0.89,50
"51",1,12,105,40.0359550561798,0.89,51
"52",1,12,129,40.0359550561798,0.89,52
"53",1,12,165,40.0359550561798,0.89,53
"54",1,12,167,40.0359550561798,0.89,54
"55",1,12,187,40.0359550561798,0.89,55
"56",1,12,213,40.0359550561798,0.89,56
"57",1,12,217,40.0359550561798,0.89,57
"58",1,12,263,40.0359550561798,0.89,58
"59",1,12,270,40.0359550561798,0.89,59
"60",1,12,277,40.0359550561798,0.89,60
"61",1,12,290,40.0359550561798,0.89,61
"62",1,12,299,40.0359550561798,0.89,62
"63",1,12,324,40.0359550561798,0.89,63
"64",1,12,329,40.0359550561798,0.89,64
"65",1,12,330,40.0359550561798,0.89,65
"66",1,18,1,45.6820512820513,0.78,66
"67",1,18,7,45.6820512820513,0.78,67
"68",1,18,14,45.6820512820513,0.78,68
"69",1,18,21,45.6820512820513,0.78,69
"70",1,18,34,45.6820512820513,0.78,70
"71",1,18,37,45.6820512820513,0.78,71
"72",1,18,39,45.6820512820513,0.78,72
"73",1,18,43,45.6820512820513,0.78,73
"74",1,18,54,45.6820512820513,0.78,74
"75",1,18,59,45.6820512820513,0.78,75
"76",1,18,68,45.6820512820513,0.78,76
"77",1,18,73,45.6820512820513,0.78,77
"78",1,18,79,45.6820512820513,0.78,78
"79",1,18,85,45.6820512820513,0.78,79
"80",1,18,87,45.6820512820513,0.78,80
"81",1,18,102,45.6820512820513,0.78,81
"82",1,22,20,40.4909090909091,0.88,82
"83",1,22,37,40.4909090909091,0.88,83
"84",1,22,70,40.4909090909091,0.88,84
"85",1,22,79,40.4909090909091,0.88,85
"86",1,22,85,40.4909090909091,0.88,86
"87",1,22,89,40.4909090909091,0.88,87
"88",1,22,111,40.4909090909091,0.88,88
"89",1,22,129,40.4909090909091,0.88,89
"90",1,22,165,40.4909090909091,0.88,90
"91",1,22,167,40.4909090909091,0.88,91
"92",1,22,187,40.4909090909091,0.88,92
"93",1,22,213,40.4909090909091,0.88,93
"94",1,22,217,40.4909090909091,0.88,94
"95",1,22,263,40.4909090909091,0.88,95
"96",1,22,270,40.4909090909091,0.88,96
"97",1,22,277,40.4909090909091,0.88,97
"98",1,25,14,40.0359550561798,0.89,98
"99",1,25,21,40.0359550561798,0.89,99
"100",1,25,37,40.0359550561798,0.89,100
"101",1,25,43,40.0359550561798,0.89,101
"102",1,25,51,40.0359550561798,0.89,102
"103",1,25,68,40.0359550561798,0.89,103
"104",1,25,74,40.0359550561798,0.89,104
"105",1,25,79,40.0359550561798,0.89,105
"106",1,25,85,40.0359550561798,0.89,106
"107",1,25,106,40.0359550561798,0.89,107
"108",1,25,110,40.0359550561798,0.89,108
"109",1,25,162,40.0359550561798,0.89,109
"110",1,25,165,40.0359550561798,0.89,110
"111",1,25,167,40.0359550561798,0.89,111
"112",1,25,187,40.0359550561798,0.89,112
"113",1,30,7,41.92,0.85,113
"114",1,30,14,41.92,0.85,114
"115",1,30,21,41.92,0.85,115
"116",1,30,37,41.92,0.85,116
"117",1,30,43,41.92,0.85,117
"118",1,30,51,41.92,0.85,118
"119",1,30,68,41.92,0.85,119
"120",1,30,73,41.92,0.85,120
"121",1,30,74,41.92,0.85,121
"122",1,30,85,41.92,0.85,122
"123",1,30,105,41.92,0.85,123
"124",1,30,106,41.92,0.85,124
"125",1,30,110,41.92,0.85,125
"126",1,30,129,41.92,0.85,126
"127",1,30,162,41.92,0.85,127
"128",1,30,165,41.92,0.85,128
"129",1,30,167,41.92,0.85,129
"130",1,30,182,41.92,0.85,130
"131",1,30,187,41.92,0.85,131
"132",1,34,1,42.4190476190476,0.84,132
"133",1,34,7,42.4190476190476,0.84,133
"134",1,34,9,42.4190476190476,0.84,134
"135",1,34,14,42.4190476190476,0.84,135
"136",1,34,15,42.4190476190476,0.84,136
"137",1,34,18,42.4190476190476,0.84,137
"138",1,34,21,42.4190476190476,0.84,138
"139",1,34,23,42.4190476190476,0.84,139
"140",1,34,33,42.4190476190476,0.84,140
"141",1,34,42,42.4190476190476,0.84,141
"142",1,34,43,42.4190476190476,0.84,142
"143",1,34,48,42.4190476190476,0.84,143
"144",1,34,49,42.4190476190476,0.84,144
"145",1,34,51,42.4190476190476,0.84,145
"146",1,39,1,46.8842105263158,0.76,146
"147",1,39,7,46.8842105263158,0.76,147
"148",1,39,21,46.8842105263158,0.76,148
"149",1,39,37,46.8842105263158,0.76,149
"150",1,39,39,46.8842105263158,0.76,150
"151",1,39,43,46.8842105263158,0.76,151
"152",1,39,54,46.8842105263158,0.76,152
"153",1,39,59,46.8842105263158,0.76,153
"154",1,39,73,46.8842105263158,0.76,154
"155",1,39,79,46.8842105263158,0.76,155
"156",1,39,82,46.8842105263158,0.76,156
"157",1,39,97,46.8842105263158,0.76,157
"158",1,44,7,45.6820512820513,0.78,158
"159",1,44,14,45.6820512820513,0.78,159
"160",1,44,21,45.6820512820513,0.78,160
"161",1,44,33,45.6820512820513,0.78,161
"162",1,44,34,45.6820512820513,0.78,162
"163",1,44,37,45.6820512820513,0.78,163
"164",1,44,43,45.6820512820513,0.78,164
"165",1,44,51,45.6820512820513,0.78,165
"166",1,44,68,45.6820512820513,0.78,166
"167",1,44,73,45.6820512820513,0.78,167
"168",1,44,79,45.6820512820513,0.78,168
"169",1,44,85,45.6820512820513,0.78,169
"170",1,44,106,45.6820512820513,0.78,170
"171",1,44,110,45.6820512820513,0.78,171
"172",1,44,148,45.6820512820513,0.78,172
"173",1,47,1,45.6820512820513,0.78,173
"174",1,47,7,45.6820512820513,0.78,174
"175",1,47,14,45.6820512820513,0.78,175
"176",1,47,21,45.6820512820513,0.78,176
"177",1,47,34,45.6820512820513,0.78,177
"178",1,47,35,45.6820512820513,0.78,178
"179",1,47,37,45.6820512820513,0.78,179
"180",1,47,39,45.6820512820513,0.78,180
"181",1,47,43,45.6820512820513,0.78,181
"182",1,47,44,45.6820512820513,0.78,182
"183",1,47,51,45.6820512820513,0.78,183
"184",1,47,54,45.6820512820513,0.78,184
"185",1,47,59,45.6820512820513,0.78,185
"186",1,47,68,45.6820512820513,0.78,186
"187",1,47,73,45.6820512820513,0.78,187
"188",1,47,74,45.6820512820513,0.78,188
"189",1,47,76,45.6820512820513,0.78,189
"190",1,47,83,45.6820512820513,0.78,190
"191",1,51,37,41.92,0.85,191
"192",1,51,79,41.92,0.85,192
"193",1,51,89,41.92,0.85,193
"194",1,51,105,41.92,0.85,194
"195",1,51,129,41.92,0.85,195
"196",1,51,165,41.92,0.85,196
"197",1,51,187,41.92,0.85,197
"198",1,51,217,41.92,0.85,198
"199",1,51,270,41.92,0.85,199
"200",1,51,277,41.92,0.85,200
"201",1,51,290,41.92,0.85,201
"202",1,51,299,41.92,0.85,202
"203",1,51,307,41.92,0.85,203
"204",1,51,324,41.92,0.85,204
"205",1,51,329,41.92,0.85,205
"206",1,55,37,43.9901234567901,0.81,206
"207",1,55,42,43.9901234567901,0.81,207
"208",1,55,79,43.9901234567901,0.81,208
"209",1,55,85,43.9901234567901,0.81,209
"210",1,55,89,43.9901234567901,0.81,210
"211",1,55,105,43.9901234567901,0.81,211
"212",1,55,111,43.9901234567901,0.81,212
"213",1,55,129,43.9901234567901,0.81,213
"214",1,55,165,43.9901234567901,0.81,214
"215",1,55,187,43.9901234567901,0.81,215
"216",1,55,217,43.9901234567901,0.81,216
"217",1,55,263,43.9901234567901,0.81,217
"218",1,55,270,43.9901234567901,0.81,218
"219",1,55,277,43.9901234567901,0.81,219
"220",1,55,289,43.9901234567901,0.81,220
"221",1,55,299,43.9901234567901,0.81,221
"222",1,55,307,43.9901234567901,0.81,222
"223",1,60,7,40.9563218390805,0.87,223
"224",1,60,14,40.9563218390805,0.87,224
"225",1,60,33,40.9563218390805,0.87,225
"226",1,60,34,40.9563218390805,0.87,226
"227",1,60,37,40.9563218390805,0.87,227
"228",1,60,43,40.9563218390805,0.87,228
"229",1,60,51,40.9563218390805,0.87,229
"230",1,60,68,40.9563218390805,0.87,230
"231",1,60,73,40.9563218390805,0.87,231
"232",1,60,74,40.9563218390805,0.87,232
"233",1,60,79,40.9563218390805,0.87,233
"234",1,60,89,40.9563218390805,0.87,234
"235",1,60,105,40.9563218390805,0.87,235
"236",1,60,106,40.9563218390805,0.87,236
"237",1,60,110,40.9563218390805,0.87,237
"238",1,60,126,40.9563218390805,0.87,238
"239",1,60,129,40.9563218390805,0.87,239
"240",1,63,20,43.4536585365854,0.82,240
"241",1,63,37,43.4536585365854,0.82,241
"242",1,63,42,43.4536585365854,0.82,242
"243",1,63,44,43.4536585365854,0.82,243
"244",1,63,79,43.4536585365854,0.82,244
"245",1,63,89,43.4536585365854,0.82,245
"246",1,63,105,43.4536585365854,0.82,246
"247",1,63,111,43.4536585365854,0.82,247
"248",1,63,129,43.4536585365854,0.82,248
"249",1,63,148,43.4536585365854,0.82,249
"250",1,63,156,43.4536585365854,0.82,250
"251",1,63,166,43.4536585365854,0.82,251
"252",1,63,167,43.4536585365854,0.82,252
"253",1,63,187,43.4536585365854,0.82,253
"254",1,63,213,43.4536585365854,0.82,254
"255",1,63,217,43.4536585365854,0.82,255
"256",1,63,263,43.4536585365854,0.82,256
"257",1,66,7,41.4325581395349,0.86,257
"258",1,66,14,41.4325581395349,0.86,258
"259",1,66,21,41.4325581395349,0.86,259
"260",1,66,68,41.4325581395349,0.86,260
"261",1,66,73,41.4325581395349,0.86,261
"262",1,66,79,41.4325581395349,0.86,262
"263",1,66,105,41.4325581395349,0.86,263
"264",1,66,106,41.4325581395349,0.86,264
"265",1,66,110,41.4325581395349,0.86,265
"266",1,66,162,41.4325581395349,0.86,266
"267",1,66,165,41.4325581395349,0.86,267
"268",1,66,167,41.4325581395349,0.86,268
"269",1,66,182,41.4325581395349,0.86,269
"270",1,72,79,39.5911111111111,0.9,270
"271",1,72,85,39.5911111111111,0.9,271
"272",1,72,105,39.5911111111111,0.9,272
"273",1,72,165,39.5911111111111,0.9,273
"274",1,72,167,39.5911111111111,0.9,274
"275",1,72,187,39.5911111111111,0.9,275
"276",1,72,213,39.5911111111111,0.9,276
"277",1,72,217,39.5911111111111,0.9,277
"278",1,72,263,39.5911111111111,0.9,278
"279",1,72,270,39.5911111111111,0.9,279
"280",1,72,277,39.5911111111111,0.9,280
"281",1,72,290,39.5911111111111,0.9,281
"282",1,72,307,39.5911111111111,0.9,282
"283",1,72,324,39.5911111111111,0.9,283
"284",1,72,329,39.5911111111111,0.9,284
"285",1,72,362,39.5911111111111,0.9,285
"286",1,78,7,43.9901234567901,0.81,286
"287",1,78,14,43.9901234567901,0.81,287
"288",1,78,33,43.9901234567901,0.81,288
"289",1,78,34,43.9901234567901,0.81,289
"290",1,78,43,43.9901234567901,0.81,290
"291",1,78,51,43.9901234567901,0.81,291
"292",1,78,68,43.9901234567901,0.81,292
"293",1,78,74,43.9901234567901,0.81,293
"294",1,78,89,43.9901234567901,0.81,294
"295",1,78,105,43.9901234567901,0.81,295
"296",1,78,106,43.9901234567901,0.81,296
"297",1,78,110,43.9901234567901,0.81,297
"298",1,78,129,43.9901234567901,0.81,298
"299",1,78,146,43.9901234567901,0.81,299
"300",1,80,37,40.9563218390805,0.87,300
"301",1,80,79,40.9563218390805,0.87,301
"302",1,80,85,40.9563218390805,0.87,302
"303",1,80,105,40.9563218390805,0.87,303
"304",1,80,129,40.9563218390805,0.87,304
"305",1,80,165,40.9563218390805,0.87,305
"306",1,80,167,40.9563218390805,0.87,306
"307",1,80,187,40.9563218390805,0.87,307
"308",1,80,217,40.9563218390805,0.87,308
"309",1,80,263,40.9563218390805,0.87,309
"310",1,80,277,40.9563218390805,0.87,310
"311",1,80,290,40.9563218390805,0.87,311
"312",1,80,299,40.9563218390805,0.87,312
"313",1,80,307,40.9563218390805,0.87,313
"314",1,80,324,40.9563218390805,0.87,314
"315",1,80,329,40.9563218390805,0.87,315
"316",1,80,330,40.9563218390805,0.87,316
"317",1,85,7,40.0359550561798,0.89,317
"318",1,85,14,40.0359550561798,0.89,318
"319",1,85,37,40.0359550561798,0.89,319
"320",1,85,43,40.0359550561798,0.89,320
"321",1,85,51,40.0359550561798,0.89,321
"322",1,85,68,40.0359550561798,0.89,322
"323",1,85,79,40.0359550561798,0.89,323
"324",1,85,85,40.0359550561798,0.89,324
"325",1,85,89,40.0359550561798,0.89,325
"326",1,85,105,40.0359550561798,0.89,326
"327",1,85,106,40.0359550561798,0.89,327
"328",1,85,110,40.0359550561798,0.89,328
"329",1,85,126,40.0359550561798,0.89,329
"330",1,85,129,40.0359550561798,0.89,330
"331",1,85,142,40.0359550561798,0.89,331
"332",1,88,20,45.6820512820513,0.78,332
"333",1,88,37,45.6820512820513,0.78,333
"334",1,88,42,45.6820512820513,0.78,334
"335",1,88,44,45.6820512820513,0.78,335
"336",1,88,70,45.6820512820513,0.78,336
"337",1,88,79,45.6820512820513,0.78,337
"338",1,88,85,45.6820512820513,0.78,338
"339",1,88,121,45.6820512820513,0.78,339
"340",1,88,129,45.6820512820513,0.78,340
"341",1,88,165,45.6820512820513,0.78,341
"342",1,88,167,45.6820512820513,0.78,342
"343",1,88,213,45.6820512820513,0.78,343
"344",1,88,217,45.6820512820513,0.78,344
"345",1,88,263,45.6820512820513,0.78,345
"346",1,91,7,41.92,0.85,346
"347",1,91,14,41.92,0.85,347
"348",1,91,21,41.92,0.85,348
"349",1,91,43,41.92,0.85,349
"350",1,91,51,41.92,0.85,350
"351",1,91,68,41.92,0.85,351
"352",1,91,73,41.92,0.85,352
"353",1,91,79,41.92,0.85,353
"354",1,91,85,41.92,0.85,354
"355",1,91,129,41.92,0.85,355
"356",1,91,162,41.92,0.85,356
"357",1,91,167,41.92,0.85,357
"358",1,91,182,41.92,0.85,358
"359",1,91,187,41.92,0.85,359
"360",1,91,210,41.92,0.85,360
"361",1,91,249,41.92,0.85,361
"362",1,97,7,46.2753246753247,0.77,362
"363",1,97,14,46.2753246753247,0.77,363
"364",1,97,21,46.2753246753247,0.77,364
"365",1,97,37,46.2753246753247,0.77,365
"366",1,97,43,46.2753246753247,0.77,366
"367",1,97,68,46.2753246753247,0.77,367
"368",1,97,73,46.2753246753247,0.77,368
"369",1,97,74,46.2753246753247,0.77,369
"370",1,97,79,46.2753246753247,0.77,370
"371",1,97,85,46.2753246753247,0.77,371
"372",1,97,106,46.2753246753247,0.77,372
"373",1,97,110,46.2753246753247,0.77,373
"374",1,97,129,46.2753246753247,0.77,374
"375",1,97,162,46.2753246753247,0.77,375
"376",1,97,167,46.2753246753247,0.77,376
"377",1,97,182,46.2753246753247,0.77,377
"378",1,97,187,46.2753246753247,0.77,378
"379",1,101,1,45.1037974683544,0.79,379
"380",1,101,6,45.1037974683544,0.79,380
"381",1,101,14,45.1037974683544,0.79,381
"382",1,101,21,45.1037974683544,0.79,382
"383",1,101,33,45.1037974683544,0.79,383
"384",1,101,34,45.1037974683544,0.79,384
"385",1,101,37,45.1037974683544,0.79,385
"386",1,101,39,45.1037974683544,0.79,386
"387",1,101,43,45.1037974683544,0.79,387
"388",1,101,44,45.1037974683544,0.79,388
"389",1,101,51,45.1037974683544,0.79,389
"390",1,101,54,45.1037974683544,0.79,390
"391",1,101,68,45.1037974683544,0.79,391
"392",1,101,78,45.1037974683544,0.79,392
"393",1,104,37,43.9901234567901,0.81,393
"394",1,104,79,43.9901234567901,0.81,394
"395",1,104,85,43.9901234567901,0.81,395
"396",1,104,89,43.9901234567901,0.81,396
"397",1,104,105,43.9901234567901,0.81,397
"398",1,104,165,43.9901234567901,0.81,398
"399",1,104,187,43.9901234567901,0.81,399
"400",1,104,213,43.9901234567901,0.81,400
"401",1,104,263,43.9901234567901,0.81,401
"402",1,104,270,43.9901234567901,0.81,402
"403",1,104,277,43.9901234567901,0.81,403
"404",1,104,290,43.9901234567901,0.81,404
"405",1,104,299,43.9901234567901,0.81,405
"406",1,104,307,43.9901234567901,0.81,406
"407",1,104,324,43.9901234567901,0.81,407
"408",1,104,329,43.9901234567901,0.81,408
"409",1,107,79,47.5093333333333,0.75,409
"410",1,107,85,47.5093333333333,0.75,410
"411",1,107,89,47.5093333333333,0.75,411
"412",1,107,105,47.5093333333333,0.75,412
"413",1,107,217,47.5093333333333,0.75,413
"414",1,107,263,47.5093333333333,0.75,414
"415",1,107,270,47.5093333333333,0.75,415
"416",1,107,277,47.5093333333333,0.75,416
"417",1,107,290,47.5093333333333,0.75,417
"418",1,107,299,47.5093333333333,0.75,418
"419",1,107,307,47.5093333333333,0.75,419
"420",1,107,324,47.5093333333333,0.75,420
"421",1,107,329,47.5093333333333,0.75,421
"422",1,107,330,47.5093333333333,0.75,422
"423",1,109,20,43.9901234567901,0.81,423
"424",1,109,42,43.9901234567901,0.81,424
"425",1,109,44,43.9901234567901,0.81,425
"426",1,109,70,43.9901234567901,0.81,426
"427",1,109,79,43.9901234567901,0.81,427
"428",1,109,89,43.9901234567901,0.81,428
"429",1,109,105,43.9901234567901,0.81,429
"430",1,109,111,43.9901234567901,0.81,430
"431",1,109,129,43.9901234567901,0.81,431
"432",1,109,165,43.9901234567901,0.81,432
"433",1,109,187,43.9901234567901,0.81,433
"434",1,109,213,43.9901234567901,0.81,434
"435",1,109,217,43.9901234567901,0.81,435
"436",1,109,263,43.9901234567901,0.81,436
"437",1,112,20,40.4909090909091,0.88,437
"438",1,112,37,40.4909090909091,0.88,438
"439",1,112,42,40.4909090909091,0.88,439
"440",1,112,44,40.4909090909091,0.88,440
"441",1,112,79,40.4909090909091,0.88,441
"442",1,112,85,40.4909090909091,0.88,442
"443",1,112,89,40.4909090909091,0.88,443
"444",1,112,105,40.4909090909091,0.88,444
"445",1,112,121,40.4909090909091,0.88,445
"446",1,112,129,40.4909090909091,0.88,446
"447",1,112,165,40.4909090909091,0.88,447
"448",1,112,167,40.4909090909091,0.88,448
"449",1,112,187,40.4909090909091,0.88,449
"450",1,112,213,40.4909090909091,0.88,450
"451",1,112,217,40.4909090909091,0.88,451
"452",1,112,263,40.4909090909091,0.88,452
"453",1,112,270,40.4909090909091,0.88,453
"454",1,112,277,40.4909090909091,0.88,454
"455",1,116,37,44.54,0.8,455
"456",1,116,85,44.54,0.8,456
"457",1,116,89,44.54,0.8,457
"458",1,116,105,44.54,0.8,458
"459",1,116,129,44.54,0.8,459
"460",1,116,165,44.54,0.8,460
"461",1,116,167,44.54,0.8,461
"462",1,116,213,44.54,0.8,462
"463",1,116,217,44.54,0.8,463
"464",1,116,263,44.54,0.8,464
"465",1,116,270,44.54,0.8,465
"466",1,116,277,44.54,0.8,466
"467",1,116,299,44.54,0.8,467
"468",1,116,307,44.54,0.8,468
"469",1,116,324,44.54,0.8,469
"470",1,116,329,44.54,0.8,470
"471",1,116,330,44.54,0.8,471
"472",1,119,20,43.4536585365854,0.82,472
"473",1,119,42,43.4536585365854,0.82,473
"474",1,119,44,43.4536585365854,0.82,474
"475",1,119,85,43.4536585365854,0.82,475
"476",1,119,89,43.4536585365854,0.82,476
"477",1,119,111,43.4536585365854,0.82,477
"478",1,119,165,43.4536585365854,0.82,478
"479",1,119,167,43.4536585365854,0.82,479
"480",1,119,213,43.4536585365854,0.82,480
"481",1,119,217,43.4536585365854,0.82,481
"482",1,119,263,43.4536585365854,0.82,482
"483",1,119,270,43.4536585365854,0.82,483
"484",1,119,277,43.4536585365854,0.82,484
"485",1,119,299,43.4536585365854,0.82,485
"486",1,121,14,42.4190476190476,0.84,486
"487",1,121,21,42.4190476190476,0.84,487
"488",1,121,34,42.4190476190476,0.84,488
"489",1,121,37,42.4190476190476,0.84,489
"490",1,121,43,42.4190476190476,0.84,490
"491",1,121,51,42.4190476190476,0.84,491
"492",1,121,68,42.4190476190476,0.84,492
"493",1,121,73,42.4190476190476,0.84,493
"494",1,121,85,42.4190476190476,0.84,494
"495",1,121,101,42.4190476190476,0.84,495
"496",1,121,105,42.4190476190476,0.84,496
"497",1,121,106,42.4190476190476,0.84,497
"498",1,121,110,42.4190476190476,0.84,498
"499",1,121,124,42.4190476190476,0.84,499
"500",1,121,129,42.4190476190476,0.84,500
"501",1,121,132,42.4190476190476,0.84,501
"502",1,126,14,43.4536585365854,0.82,502
"503",1,126,34,43.4536585365854,0.82,503
"504",1,126,37,43.4536585365854,0.82,504
"505",1,126,43,43.4536585365854,0.82,505
"506",1,126,51,43.4536585365854,0.82,506
"507",1,126,73,43.4536585365854,0.82,507
"508",1,126,79,43.4536585365854,0.82,508
"509",1,126,105,43.4536585365854,0.82,509
"510",1,126,106,43.4536585365854,0.82,510
"511",1,126,110,43.4536585365854,0.82,511
"512",1,126,129,43.4536585365854,0.82,512
"513",1,126,162,43.4536585365854,0.82,513
"514",1,126,165,43.4536585365854,0.82,514
"515",1,126,167,43.4536585365854,0.82,515
"516",1,131,7,45.6820512820513,0.78,516
"517",1,131,21,45.6820512820513,0.78,517
"518",1,131,37,45.6820512820513,0.78,518
"519",1,131,43,45.6820512820513,0.78,519
"520",1,131,51,45.6820512820513,0.78,520
"521",1,131,74,45.6820512820513,0.78,521
"522",1,131,85,45.6820512820513,0.78,522
"523",1,131,105,45.6820512820513,0.78,523
"524",1,131,129,45.6820512820513,0.78,524
"525",1,131,162,45.6820512820513,0.78,525
"526",1,131,167,45.6820512820513,0.78,526
"527",1,131,182,45.6820512820513,0.78,527
"528",1,131,210,45.6820512820513,0.78,528
"529",1,131,215,45.6820512820513,0.78,529
"530",1,135,7,40.9563218390805,0.87,530
"531",1,135,14,40.9563218390805,0.87,531
"532",1,135,21,40.9563218390805,0.87,532
"533",1,135,33,40.9563218390805,0.87,533
"534",1,135,34,40.9563218390805,0.87,534
"535",1,135,37,40.9563218390805,0.87,535
"536",1,135,43,40.9563218390805,0.87,536
"537",1,135,51,40.9563218390805,0.87,537
"538",1,135,68,40.9563218390805,0.87,538
"539",1,135,74,40.9563218390805,0.87,539
"540",1,135,79,40.9563218390805,0.87,540
"541",1,135,85,40.9563218390805,0.87,541
"542",1,135,89,40.9563218390805,0.87,542
"543",1,135,105,40.9563218390805,0.87,543
"544",1,135,106,40.9563218390805,0.87,544
"545",1,135,110,40.9563218390805,0.87,545
"546",1,135,126,40.9563218390805,0.87,546
"547",1,135,147,40.9563218390805,0.87,547
"548",1,140,21,41.92,0.85,548
"549",1,140,37,41.92,0.85,549
"550",1,140,43,41.92,0.85,550
"551",1,140,51,41.92,0.85,551
"552",1,140,54,41.92,0.85,552
"553",1,140,68,41.92,0.85,553
"554",1,140,79,41.92,0.85,554
"555",1,140,85,41.92,0.85,555
"556",1,140,89,41.92,0.85,556
"557",1,140,101,41.92,0.85,557
"558",1,140,105,41.92,0.85,558
"559",1,140,106,41.92,0.85,559
"560",1,140,110,41.92,0.85,560
"561",1,140,126,41.92,0.85,561
"562",1,140,129,41.92,0.85,562
"563",1,140,130,41.92,0.85,563
"564",1,145,7,40.9563218390805,0.87,564
"565",1,145,14,40.9563218390805,0.87,565
"566",1,145,37,40.9563218390805,0.87,566
"567",1,145,43,40.9563218390805,0.87,567
"568",1,145,51,40.9563218390805,0.87,568
"569",1,145,68,40.9563218390805,0.87,569
"570",1,145,73,40.9563218390805,0.87,570
"571",1,145,74,40.9563218390805,0.87,571
"572",1,145,79,40.9563218390805,0.87,572
"573",1,145,85,40.9563218390805,0.87,573
"574",1,145,105,40.9563218390805,0.87,574
"575",1,145,106,40.9563218390805,0.87,575
"576",1,145,110,40.9563218390805,0.87,576
"577",1,145,129,40.9563218390805,0.87,577
"578",1,145,162,40.9563218390805,0.87,578
"579",1,145,165,40.9563218390805,0.87,579
"580",1,145,167,40.9563218390805,0.87,580
"581",1,145,182,40.9563218390805,0.87,581
"582",1,145,187,40.9563218390805,0.87,582
"583",1,148,7,46.2753246753247,0.77,583
"584",1,148,14,46.2753246753247,0.77,584
"585",1,148,21,46.2753246753247,0.77,585
"586",1,148,37,46.2753246753247,0.77,586
"587",1,148,43,46.2753246753247,0.77,587
"588",1,148,51,46.2753246753247,0.77,588
"589",1,148,68,46.2753246753247,0.77,589
"590",1,148,74,46.2753246753247,0.77,590
"591",1,148,79,46.2753246753247,0.77,591
"592",1,148,85,46.2753246753247,0.77,592
"593",1,148,106,46.2753246753247,0.77,593
"594",1,148,110,46.2753246753247,0.77,594
"595",1,148,129,46.2753246753247,0.77,595
"596",1,148,162,46.2753246753247,0.77,596
"597",1,148,167,46.2753246753247,0.77,597
"598",1,148,182,46.2753246753247,0.77,598
"599",1,148,210,46.2753246753247,0.77,599
"600",1,152,1,41.4325581395349,0.86,600
"601",1,152,4,41.4325581395349,0.86,601
"602",1,152,14,41.4325581395349,0.86,602
"603",1,152,15,41.4325581395349,0.86,603
"604",1,152,18,41.4325581395349,0.86,604
"605",1,152,33,41.4325581395349,0.86,605
"606",1,152,34,41.4325581395349,0.86,606
"607",1,152,39,41.4325581395349,0.86,607
"608",1,152,43,41.4325581395349,0.86,608
"609",1,152,46,41.4325581395349,0.86,609
"610",1,152,51,41.4325581395349,0.86,610
"611",1,152,52,41.4325581395349,0.86,611
"612",1,152,53,41.4325581395349,0.86,612
"613",1,155,42,43.9901234567901,0.81,613
"614",1,155,79,43.9901234567901,0.81,614
"615",1,155,85,43.9901234567901,0.81,615
"616",1,155,105,43.9901234567901,0.81,616
"617",1,155,111,43.9901234567901,0.81,617
"618",1,155,129,43.9901234567901,0.81,618
"619",1,155,165,43.9901234567901,0.81,619
"620",1,155,167,43.9901234567901,0.81,620
"621",1,155,187,43.9901234567901,0.81,621
"622",1,155,213,43.9901234567901,0.81,622
"623",1,155,263,43.9901234567901,0.81,623
"624",1,155,270,43.9901234567901,0.81,624
"625",1,155,277,43.9901234567901,0.81,625
"626",1,155,289,43.9901234567901,0.81,626
"627",1,155,290,43.9901234567901,0.81,627
"628",1,155,307,43.9901234567901,0.81,628
"629",1,159,1,40.9563218390805,0.87,629
"630",1,159,7,40.9563218390805,0.87,630
"631",1,159,21,40.9563218390805,0.87,631
"632",1,159,33,40.9563218390805,0.87,632
"633",1,159,34,40.9563218390805,0.87,633
"634",1,159,35,40.9563218390805,0.87,634
"635",1,159,39,40.9563218390805,0.87,635
"636",1,159,43,40.9563218390805,0.87,636
"637",1,159,44,40.9563218390805,0.87,637
"638",1,159,51,40.9563218390805,0.87,638
"639",1,159,54,40.9563218390805,0.87,639
"640",1,159,68,40.9563218390805,0.87,640
"641",1,159,73,40.9563218390805,0.87,641
"642",1,159,82,40.9563218390805,0.87,642
"643",1,159,86,40.9563218390805,0.87,643
"644",1,165,7,41.92,0.85,644
"645",1,165,14,41.92,0.85,645
"646",1,165,21,41.92,0.85,646
"647",1,165,34,41.92,0.85,647
"648",1,165,43,41.92,0.85,648
"649",1,165,51,41.92,0.85,649
"650",1,165,68,41.92,0.85,650
"651",1,165,73,41.92,0.85,651
"652",1,165,74,41.92,0.85,652
"653",1,165,79,41.92,0.85,653
"654",1,165,105,41.92,0.85,654
"655",1,165,106,41.92,0.85,655
"656",1,165,110,41.92,0.85,656
"657",1,165,126,41.92,0.85,657
"658",1,165,129,41.92,0.85,658
"659",1,165,172,41.92,0.85,659
"660",1,169,37,40.9563218390805,0.87,660
"661",1,169,42,40.9563218390805,0.87,661
"662",1,169,79,40.9563218390805,0.87,662
"663",1,169,85,40.9563218390805,0.87,663
"664",1,169,89,40.9563218390805,0.87,664
"665",1,169,105,40.9563218390805,0.87,665
"666",1,169,111,40.9563218390805,0.87,666
"667",1,169,129,40.9563218390805,0.87,667
"668",1,169,165,40.9563218390805,0.87,668
"669",1,169,187,40.9563218390805,0.87,669
"670",1,169,213,40.9563218390805,0.87,670
"671",1,169,263,40.9563218390805,0.87,671
"672",1,169,270,40.9563218390805,0.87,672
"673",1,169,277,40.9563218390805,0.87,673
"674",1,169,289,40.9563218390805,0.87,674
"675",1,169,290,40.9563218390805,0.87,675
"676",1,169,299,40.9563218390805,0.87,676
"677",1,172,1,42.9301204819277,0.83,677
"678",1,172,7,42.9301204819277,0.83,678
"679",1,172,14,42.9301204819277,0.83,679
"680",1,172,21,42.9301204819277,0.83,680
"681",1,172,34,42.9301204819277,0.83,681
"682",1,172,37,42.9301204819277,0.83,682
"683",1,172,39,42.9301204819277,0.83,683
"684",1,172,43,42.9301204819277,0.83,684
"685",1,172,51,42.9301204819277,0.83,685
"686",1,172,54,42.9301204819277,0.83,686
"687",1,172,59,42.9301204819277,0.83,687
"688",1,172,73,42.9301204819277,0.83,688
"689",1,172,74,42.9301204819277,0.83,689
"690",1,172,79,42.9301204819277,0.83,690
"691",1,172,82,42.9301204819277,0.83,691
"692",1,172,85,42.9301204819277,0.83,692
"693",1,172,87,42.9301204819277,0.83,693
"694",1,172,97,42.9301204819277,0.83,694
"695",1,178,20,42.9301204819277,0.83,695
"696",1,178,70,42.9301204819277,0.83,696
"697",1,178,79,42.9301204819277,0.83,697
"698",1,178,85,42.9301204819277,0.83,698
"699",1,178,105,42.9301204819277,0.83,699
"700",1,178,111,42.9301204819277,0.83,700
"701",1,178,121,42.9301204819277,0.83,701
"702",1,178,129,42.9301204819277,0.83,702
"703",1,178,165,42.9301204819277,0.83,703
"704",1,178,167,42.9301204819277,0.83,704
"705",1,178,213,42.9301204819277,0.83,705
"706",1,178,217,42.9301204819277,0.83,706
"707",1,178,263,42.9301204819277,0.83,707
"708",1,178,270,42.9301204819277,0.83,708
"709",1,181,37,40.9563218390805,0.87,709
"710",1,181,79,40.9563218390805,0.87,710
"711",1,181,85,40.9563218390805,0.87,711
"712",1,181,89,40.9563218390805,0.87,712
"713",1,181,105,40.9563218390805,0.87,713
"714",1,181,129,40.9563218390805,0.87,714
"715",1,181,165,40.9563218390805,0.87,715
"716",1,181,167,40.9563218390805,0.87,716
"717",1,181,187,40.9563218390805,0.87,717
"718",1,181,213,40.9563218390805,0.87,718
"719",1,181,217,40.9563218390805,0.87,719
"720",1,181,263,40.9563218390805,0.87,720
"721",1,181,270,40.9563218390805,0.87,721
"722",1,181,277,40.9563218390805,0.87,722
"723",1,181,290,40.9563218390805,0.87,723
"724",1,181,299,40.9563218390805,0.87,724
"725",1,181,307,40.9563218390805,0.87,725
"726",1,181,324,40.9563218390805,0.87,726
"727",1,181,329,40.9563218390805,0.87,727
"728",1,185,1,47.5093333333333,0.75,728
"729",1,185,9,47.5093333333333,0.75,729
"730",1,185,15,47.5093333333333,0.75,730
"731",1,185,18,47.5093333333333,0.75,731
"732",1,185,21,47.5093333333333,0.75,732
"733",1,185,23,47.5093333333333,0.75,733
"734",1,185,25,47.5093333333333,0.75,734
"735",1,185,34,47.5093333333333,0.75,735
"736",1,185,37,47.5093333333333,0.75,736
"737",1,185,39,47.5093333333333,0.75,737
"738",1,185,45,47.5093333333333,0.75,738
"739",1,185,52,47.5093333333333,0.75,739
"740",1,189,1,43.4536585365854,0.82,740
"741",1,189,14,43.4536585365854,0.82,741
"742",1,189,21,43.4536585365854,0.82,742
"743",1,189,33,43.4536585365854,0.82,743
"744",1,189,34,43.4536585365854,0.82,744
"745",1,189,35,43.4536585365854,0.82,745
"746",1,189,37,43.4536585365854,0.82,746
"747",1,189,39,43.4536585365854,0.82,747
"748",1,189,42,43.4536585365854,0.82,748
"749",1,189,43,43.4536585365854,0.82,749
"750",1,189,44,43.4536585365854,0.82,750
"751",1,189,51,43.4536585365854,0.82,751
"752",1,189,54,43.4536585365854,0.82,752
"753",1,189,71,43.4536585365854,0.82,753
"754",1,189,79,43.4536585365854,0.82,754
"755",1,192,7,41.4325581395349,0.86,755
"756",1,192,14,41.4325581395349,0.86,756
"757",1,192,21,41.4325581395349,0.86,757
"758",1,192,37,41.4325581395349,0.86,758
"759",1,192,43,41.4325581395349,0.86,759
"760",1,192,51,41.4325581395349,0.86,760
"761",1,192,68,41.4325581395349,0.86,761
"762",1,192,79,41.4325581395349,0.86,762
"763",1,192,105,41.4325581395349,0.86,763
"764",1,192,106,41.4325581395349,0.86,764
"765",1,192,129,41.4325581395349,0.86,765
"766",1,192,162,41.4325581395349,0.86,766
"767",1,192,165,41.4325581395349,0.86,767
"768",1,192,167,41.4325581395349,0.86,768
"769",1,192,182,41.4325581395349,0.86,769
"770",1,192,187,41.4325581395349,0.86,770
"771",1,198,1,41.92,0.85,771
"772",1,198,7,41.92,0.85,772
"773",1,198,33,41.92,0.85,773
"774",1,198,34,41.92,0.85,774
"775",1,198,37,41.92,0.85,775
"776",1,198,39,41.92,0.85,776
"777",1,198,44,41.92,0.85,777
"778",1,198,51,41.92,0.85,778
"779",1,198,54,41.92,0.85,779
"780",1,198,59,41.92,0.85,780
"781",1,198,68,41.92,0.85,781
"782",1,198,73,41.92,0.85,782
"783",1,198,74,41.92,0.85,783
"784",1,198,76,41.92,0.85,784
"785",1,198,82,41.92,0.85,785
"786",1,198,87,41.92,0.85,786
"787",1,198,88,41.92,0.85,787
"788",2,3,1,51.2540650406504,0.82,788
"789",2,3,4,51.2540650406504,0.82,789
"790",2,3,7,51.2540650406504,0.82,790
"791",2,3,10,51.2540650406504,0.82,791
"792",2,3,14,51.2540650406504,0.82,792
"793",2,3,15,51.2540650406504,0.82,793
"794",2,3,18,51.2540650406504,0.82,794
"795",2,3,23,51.2540650406504,0.82,795
"796",2,3,33,51.2540650406504,0.82,796
"797",2,3,34,51.2540650406504,0.82,797
"798",2,3,39,51.2540650406504,0.82,798
"799",2,3,45,51.2540650406504,0.82,799
"800",2,3,52,51.2540650406504,0.82,800
"801",2,8,7,47.7594696969697,0.88,801
"802",2,8,14,47.7594696969697,0.88,802
"803",2,8,21,47.7594696969697,0.88,803
"804",2,8,43,47.7594696969697,0.88,804
"805",2,8,51,47.7594696969697,0.88,805
"806",2,8,74,47.7594696969697,0.88,806
"807",2,8,79,47.7594696969697,0.88,807
"808",2,8,85,47.7594696969697,0.88,808
"809",2,8,106,47.7594696969697,0.88,809
"810",2,8,129,47.7594696969697,0.88,810
"811",2,8,162,47.7594696969697,0.88,811
"812",2,8,182,47.7594696969697,0.88,812
"813",2,8,187,47.7594696969697,0.88,813
"814",2,8,210,47.7594696969697,0.88,814
"815",2,8,215,47.7594696969697,0.88,815
"816",2,8,249,47.7594696969697,0.88,816
"817",2,12,37,51.2540650406504,0.82,817
"818",2,12,85,51.2540650406504,0.82,818
"819",2,12,89,51.2540650406504,0.82,819
"820",2,12,105,51.2540650406504,0.82,820
"821",2,12,129,51.2540650406504,0.82,821
"822",2,12,165,51.2540650406504,0.82,822
"823",2,12,167,51.2540650406504,0.82,823
"824",2,12,187,51.2540650406504,0.82,824
"825",2,12,217,51.2540650406504,0.82,825
"826",2,12,263,51.2540650406504,0.82,826
"827",2,12,270,51.2540650406504,0.82,827
"828",2,12,299,51.2540650406504,0.82,828
"829",2,12,307,51.2540650406504,0.82,829
"830",2,12,324,51.2540650406504,0.82,830
"831",2,12,330,51.2540650406504,0.82,831
"832",2,17,1,53.2004219409283,0.79,832
"833",2,17,21,53.2004219409283,0.79,833
"834",2,17,34,53.2004219409283,0.79,834
"835",2,17,43,53.2004219409283,0.79,835
"836",2,17,51,53.2004219409283,0.79,836
"837",2,17,68,53.2004219409283,0.79,837
"838",2,17,73,53.2004219409283,0.79,838
"839",2,17,74,53.2004219409283,0.79,839
"840",2,17,82,53.2004219409283,0.79,840
"841",2,17,87,53.2004219409283,0.79,841
"842",2,17,106,53.2004219409283,0.79,842
"843",2,17,110,53.2004219409283,0.79,843
"844",2,17,121,53.2004219409283,0.79,844
"845",2,22,1,55.3004385964912,0.76,845
"846",2,22,14,55.3004385964912,0.76,846
"847",2,22,21,55.3004385964912,0.76,847
"848",2,22,33,55.3004385964912,0.76,848
"849",2,22,37,55.3004385964912,0.76,849
"850",2,22,39,55.3004385964912,0.76,850
"851",2,22,44,55.3004385964912,0.76,851
"852",2,22,51,55.3004385964912,0.76,852
"853",2,22,54,55.3004385964912,0.76,853
"854",2,22,59,55.3004385964912,0.76,854
"855",2,22,68,55.3004385964912,0.76,855
"856",2,22,78,55.3004385964912,0.76,856
"857",2,22,82,55.3004385964912,0.76,857
"858",2,22,87,55.3004385964912,0.76,858
"859",2,28,33,55.3004385964912,0.76,859
"860",2,28,34,55.3004385964912,0.76,860
"861",2,28,37,55.3004385964912,0.76,861
"862",2,28,79,55.3004385964912,0.76,862
"863",2,28,84,55.3004385964912,0.76,863
"864",2,28,85,55.3004385964912,0.76,864
"865",2,28,89,55.3004385964912,0.76,865
"866",2,28,105,55.3004385964912,0.76,866
"867",2,28,110,55.3004385964912,0.76,867
"868",2,28,126,55.3004385964912,0.76,868
"869",2,28,129,55.3004385964912,0.76,869
"870",2,28,165,55.3004385964912,0.76,870
"871",2,28,167,55.3004385964912,0.76,871
"872",2,28,187,55.3004385964912,0.76,872
"873",2,28,207,55.3004385964912,0.76,873
"874",2,28,213,55.3004385964912,0.76,874
"875",2,28,217,55.3004385964912,0.76,875
"876",2,33,1,52.5354166666667,0.8,876
"877",2,33,7,52.5354166666667,0.8,877
"878",2,33,14,52.5354166666667,0.8,878
"879",2,33,21,52.5354166666667,0.8,879
"880",2,33,33,52.5354166666667,0.8,880
"881",2,33,34,52.5354166666667,0.8,881
"882",2,33,37,52.5354166666667,0.8,882
"883",2,33,39,52.5354166666667,0.8,883
"884",2,33,43,52.5354166666667,0.8,884
"885",2,33,44,52.5354166666667,0.8,885
"886",2,33,51,52.5354166666667,0.8,886
"887",2,33,54,52.5354166666667,0.8,887
"888",2,33,59,52.5354166666667,0.8,888
"889",2,33,62,52.5354166666667,0.8,889
"890",2,33,66,52.5354166666667,0.8,890
"891",2,33,74,52.5354166666667,0.8,891
"892",2,37,7,50.636546184739,0.83,892
"893",2,37,14,50.636546184739,0.83,893
"894",2,37,21,50.636546184739,0.83,894
"895",2,37,43,50.636546184739,0.83,895
"896",2,37,51,50.636546184739,0.83,896
"897",2,37,68,50.636546184739,0.83,897
"898",2,37,73,50.636546184739,0.83,898
"899",2,37,74,50.636546184739,0.83,899
"900",2,37,79,50.636546184739,0.83,900
"901",2,37,85,50.636546184739,0.83,901
"902",2,37,129,50.636546184739,0.83,902
"903",2,37,162,50.636546184739,0.83,903
"904",2,37,187,50.636546184739,0.83,904
"905",2,37,210,50.636546184739,0.83,905
"906",2,37,215,50.636546184739,0.83,906
"907",2,37,225,50.636546184739,0.83,907
"908",2,37,249,50.636546184739,0.83,908
"909",2,42,33,49.4450980392157,0.85,909
"910",2,42,34,49.4450980392157,0.85,910
"911",2,42,37,49.4450980392157,0.85,911
"912",2,42,79,49.4450980392157,0.85,912
"913",2,42,85,49.4450980392157,0.85,913
"914",2,42,105,49.4450980392157,0.85,914
"915",2,42,106,49.4450980392157,0.85,915
"916",2,42,110,49.4450980392157,0.85,916
"917",2,42,126,49.4450980392157,0.85,917
"918",2,42,129,49.4450980392157,0.85,918
"919",2,42,165,49.4450980392157,0.85,919
"920",2,42,167,49.4450980392157,0.85,920
"921",2,42,172,49.4450980392157,0.85,921
"922",2,42,187,49.4450980392157,0.85,922
"923",2,42,207,49.4450980392157,0.85,923
"924",2,42,213,49.4450980392157,0.85,924
"925",2,42,229,49.4450980392157,0.85,925
"926",2,46,20,51.8868312757202,0.81,926
"927",2,46,37,51.8868312757202,0.81,927
"928",2,46,42,51.8868312757202,0.81,928
"929",2,46,44,51.8868312757202,0.81,929
"930",2,46,79,51.8868312757202,0.81,930
"931",2,46,85,51.8868312757202,0.81,931
"932",2,46,89,51.8868312757202,0.81,932
"933",2,46,111,51.8868312757202,0.81,933
"934",2,46,121,51.8868312757202,0.81,934
"935",2,46,165,51.8868312757202,0.81,935
"936",2,46,167,51.8868312757202,0.81,936
"937",2,46,187,51.8868312757202,0.81,937
"938",2,46,270,51.8868312757202,0.81,938
"939",2,46,277,51.8868312757202,0.81,939
"940",2,51,7,47.2228464419476,0.89,940
"941",2,51,14,47.2228464419476,0.89,941
"942",2,51,34,47.2228464419476,0.89,942
"943",2,51,37,47.2228464419476,0.89,943
"944",2,51,43,47.2228464419476,0.89,944
"945",2,51,51,47.2228464419476,0.89,945
"946",2,51,68,47.2228464419476,0.89,946
"947",2,51,73,47.2228464419476,0.89,947
"948",2,51,74,47.2228464419476,0.89,948
"949",2,51,79,47.2228464419476,0.89,949
"950",2,51,85,47.2228464419476,0.89,950
"951",2,51,105,47.2228464419476,0.89,951
"952",2,51,110,47.2228464419476,0.89,952
"953",2,51,165,47.2228464419476,0.89,953
"954",2,51,167,47.2228464419476,0.89,954
"955",2,51,181,47.2228464419476,0.89,955
"956",2,57,20,53.2004219409283,0.79,956
"957",2,57,37,53.2004219409283,0.79,957
"958",2,57,42,53.2004219409283,0.79,958
"959",2,57,70,53.2004219409283,0.79,959
"960",2,57,79,53.2004219409283,0.79,960
"961",2,57,85,53.2004219409283,0.79,961
"962",2,57,89,53.2004219409283,0.79,962
"963",2,57,111,53.2004219409283,0.79,963
"964",2,57,121,53.2004219409283,0.79,964
"965",2,57,129,53.2004219409283,0.79,965
"966",2,57,165,53.2004219409283,0.79,966
"967",2,57,167,53.2004219409283,0.79,967
"968",2,57,187,53.2004219409283,0.79,968
"969",2,57,217,53.2004219409283,0.79,969
"970",2,57,263,53.2004219409283,0.79,970
"971",2,57,270,53.2004219409283,0.79,971
"972",2,57,277,53.2004219409283,0.79,972
"973",2,62,37,51.2540650406504,0.82,973
"974",2,62,79,51.2540650406504,0.82,974
"975",2,62,85,51.2540650406504,0.82,975
"976",2,62,105,51.2540650406504,0.82,976
"977",2,62,187,51.2540650406504,0.82,977
"978",2,62,213,51.2540650406504,0.82,978
"979",2,62,263,51.2540650406504,0.82,979
"980",2,62,270,51.2540650406504,0.82,980
"981",2,62,277,51.2540650406504,0.82,981
"982",2,62,307,51.2540650406504,0.82,982
"983",2,62,324,51.2540650406504,0.82,983
"984",2,62,329,51.2540650406504,0.82,984
"985",2,62,330,51.2540650406504,0.82,985
"986",2,62,366,51.2540650406504,0.82,986
"987",2,68,20,52.5354166666667,0.8,987
"988",2,68,37,52.5354166666667,0.8,988
"989",2,68,40,52.5354166666667,0.8,989
"990",2,68,42,52.5354166666667,0.8,990
"991",2,68,44,52.5354166666667,0.8,991
"992",2,68,70,52.5354166666667,0.8,992
"993",2,68,79,52.5354166666667,0.8,993
"994",2,68,89,52.5354166666667,0.8,994
"995",2,68,111,52.5354166666667,0.8,995
"996",2,68,121,52.5354166666667,0.8,996
"997",2,68,129,52.5354166666667,0.8,997
"998",2,68,167,52.5354166666667,0.8,998
"999",2,68,187,52.5354166666667,0.8,999
"1000",2,68,213,52.5354166666667,0.8,1000
"1001",2,68,263,52.5354166666667,0.8,1001
"1002",2,71,20,49.4450980392157,0.85,1002
"1003",2,71,37,49.4450980392157,0.85,1003
"1004",2,71,42,49.4450980392157,0.85,1004
"1005",2,71,85,49.4450980392157,0.85,1005
"1006",2,71,89,49.4450980392157,0.85,1006
"1007",2,71,105,49.4450980392157,0.85,1007
"1008",2,71,111,49.4450980392157,0.85,1008
"1009",2,71,129,49.4450980392157,0.85,1009
"1010",2,71,165,49.4450980392157,0.85,1010
"1011",2,71,167,49.4450980392157,0.85,1011
"1012",2,71,213,49.4450980392157,0.85,1012
"1013",2,71,217,49.4450980392157,0.85,1013
"1014",2,71,263,49.4450980392157,0.85,1014
"1015",2,71,270,49.4450980392157,0.85,1015
"1016",2,71,277,49.4450980392157,0.85,1016
"1017",2,71,289,49.4450980392157,0.85,1017
"1018",2,71,290,49.4450980392157,0.85,1018
"1019",2,71,299,49.4450980392157,0.85,1019
"1020",2,76,37,53.2004219409283,0.79,1020
"1021",2,76,79,53.2004219409283,0.79,1021
"1022",2,76,85,53.2004219409283,0.79,1022
"1023",2,76,129,53.2004219409283,0.79,1023
"1024",2,76,165,53.2004219409283,0.79,1024
"1025",2,76,167,53.2004219409283,0.79,1025
"1026",2,76,187,53.2004219409283,0.79,1026
"1027",2,76,213,53.2004219409283,0.79,1027
"1028",2,76,217,53.2004219409283,0.79,1028
"1029",2,76,263,53.2004219409283,0.79,1029
"1030",2,76,270,53.2004219409283,0.79,1030
"1031",2,76,277,53.2004219409283,0.79,1031
"1032",2,76,290,53.2004219409283,0.79,1032
"1033",2,76,299,53.2004219409283,0.79,1033
"1034",2,76,307,53.2004219409283,0.79,1034
"1035",2,76,324,53.2004219409283,0.79,1035
"1036",2,76,329,53.2004219409283,0.79,1036
"1037",2,76,330,53.2004219409283,0.79,1037
"1038",2,82,1,51.2540650406504,0.82,1038
"1039",2,82,7,51.2540650406504,0.82,1039
"1040",2,82,21,51.2540650406504,0.82,1040
"1041",2,82,33,51.2540650406504,0.82,1041
"1042",2,82,34,51.2540650406504,0.82,1042
"1043",2,82,35,51.2540650406504,0.82,1043
"1044",2,82,37,51.2540650406504,0.82,1044
"1045",2,82,39,51.2540650406504,0.82,1045
"1046",2,82,43,51.2540650406504,0.82,1046
"1047",2,82,51,51.2540650406504,0.82,1047
"1048",2,82,54,51.2540650406504,0.82,1048
"1049",2,82,59,51.2540650406504,0.82,1049
"1050",2,82,68,51.2540650406504,0.82,1050
"1051",2,82,72,51.2540650406504,0.82,1051
"1052",2,82,82,51.2540650406504,0.82,1052
"1053",2,87,20,48.8701550387597,0.86,1053
"1054",2,87,37,48.8701550387597,0.86,1054
"1055",2,87,42,48.8701550387597,0.86,1055
"1056",2,87,44,48.8701550387597,0.86,1056
"1057",2,87,70,48.8701550387597,0.86,1057
"1058",2,87,79,48.8701550387597,0.86,1058
"1059",2,87,85,48.8701550387597,0.86,1059
"1060",2,87,89,48.8701550387597,0.86,1060
"1061",2,87,105,48.8701550387597,0.86,1061
"1062",2,87,111,48.8701550387597,0.86,1062
"1063",2,87,121,48.8701550387597,0.86,1063
"1064",2,87,129,48.8701550387597,0.86,1064
"1065",2,87,165,48.8701550387597,0.86,1065
"1066",2,87,167,48.8701550387597,0.86,1066
"1067",2,87,187,48.8701550387597,0.86,1067
"1068",2,87,213,48.8701550387597,0.86,1068
"1069",2,87,217,48.8701550387597,0.86,1069
"1070",2,87,263,48.8701550387597,0.86,1070
"1071",2,93,21,55.3004385964912,0.76,1071
"1072",2,93,34,55.3004385964912,0.76,1072
"1073",2,93,37,55.3004385964912,0.76,1073
"1074",2,93,43,55.3004385964912,0.76,1074
"1075",2,93,51,55.3004385964912,0.76,1075
"1076",2,93,68,55.3004385964912,0.76,1076
"1077",2,93,73,55.3004385964912,0.76,1077
"1078",2,93,74,55.3004385964912,0.76,1078
"1079",2,93,79,55.3004385964912,0.76,1079
"1080",2,93,85,55.3004385964912,0.76,1080
"1081",2,93,89,55.3004385964912,0.76,1081
"1082",2,93,105,55.3004385964912,0.76,1082
"1083",2,93,157,55.3004385964912,0.76,1083
"1084",2,93,162,55.3004385964912,0.76,1084
"1085",2,97,7,47.7594696969697,0.88,1085
"1086",2,97,21,47.7594696969697,0.88,1086
"1087",2,97,43,47.7594696969697,0.88,1087
"1088",2,97,51,47.7594696969697,0.88,1088
"1089",2,97,68,47.7594696969697,0.88,1089
"1090",2,97,73,47.7594696969697,0.88,1090
"1091",2,97,79,47.7594696969697,0.88,1091
"1092",2,97,85,47.7594696969697,0.88,1092
"1093",2,97,106,47.7594696969697,0.88,1093
"1094",2,97,129,47.7594696969697,0.88,1094
"1095",2,97,162,47.7594696969697,0.88,1095
"1096",2,97,182,47.7594696969697,0.88,1096
"1097",2,97,187,47.7594696969697,0.88,1097
"1098",2,97,210,47.7594696969697,0.88,1098
"1099",2,97,213,47.7594696969697,0.88,1099
"1100",2,97,215,47.7594696969697,0.88,1100
"1101",2,97,225,47.7594696969697,0.88,1101
"1102",2,102,37,52.5354166666667,0.8,1102
"1103",2,102,79,52.5354166666667,0.8,1103
"1104",2,102,89,52.5354166666667,0.8,1104
"1105",2,102,105,52.5354166666667,0.8,1105
"1106",2,102,165,52.5354166666667,0.8,1106
"1107",2,102,167,52.5354166666667,0.8,1107
"1108",2,102,187,52.5354166666667,0.8,1108
"1109",2,102,213,52.5354166666667,0.8,1109
"1110",2,102,217,52.5354166666667,0.8,1110
"1111",2,102,263,52.5354166666667,0.8,1111
"1112",2,102,270,52.5354166666667,0.8,1112
"1113",2,102,277,52.5354166666667,0.8,1113
"1114",2,102,289,52.5354166666667,0.8,1114
"1115",2,102,290,52.5354166666667,0.8,1115
"1116",2,102,307,52.5354166666667,0.8,1116
"1117",2,102,330,52.5354166666667,0.8,1117
"1118",2,106,7,47.7594696969697,0.88,1118
"1119",2,106,21,47.7594696969697,0.88,1119
"1120",2,106,33,47.7594696969697,0.88,1120
"1121",2,106,34,47.7594696969697,0.88,1121
"1122",2,106,37,47.7594696969697,0.88,1122
"1123",2,106,39,47.7594696969697,0.88,1123
"1124",2,106,43,47.7594696969697,0.88,1124
"1125",2,106,44,47.7594696969697,0.88,1125
"1126",2,106,51,47.7594696969697,0.88,1126
"1127",2,106,54,47.7594696969697,0.88,1127
"1128",2,106,59,47.7594696969697,0.88,1128
"1129",2,106,68,47.7594696969697,0.88,1129
"1130",2,106,74,47.7594696969697,0.88,1130
"1131",2,106,76,47.7594696969697,0.88,1131
"1132",2,106,87,47.7594696969697,0.88,1132
"1133",2,106,88,47.7594696969697,0.88,1133
"1134",2,111,7,52.5354166666667,0.8,1134
"1135",2,111,14,52.5354166666667,0.8,1135
"1136",2,111,21,52.5354166666667,0.8,1136
"1137",2,111,34,52.5354166666667,0.8,1137
"1138",2,111,43,52.5354166666667,0.8,1138
"1139",2,111,51,52.5354166666667,0.8,1139
"1140",2,111,68,52.5354166666667,0.8,1140
"1141",2,111,73,52.5354166666667,0.8,1141
"1142",2,111,74,52.5354166666667,0.8,1142
"1143",2,111,79,52.5354166666667,0.8,1143
"1144",2,111,85,52.5354166666667,0.8,1144
"1145",2,111,105,52.5354166666667,0.8,1145
"1146",2,111,106,52.5354166666667,0.8,1146
"1147",2,111,126,52.5354166666667,0.8,1147
"1148",2,111,129,52.5354166666667,0.8,1148
"1149",2,111,162,52.5354166666667,0.8,1149
"1150",2,111,163,52.5354166666667,0.8,1150
"1151",2,111,167,52.5354166666667,0.8,1151
"1152",2,116,1,52.5354166666667,0.8,1152
"1153",2,116,21,52.5354166666667,0.8,1153
"1154",2,116,34,52.5354166666667,0.8,1154
"1155",2,116,37,52.5354166666667,0.8,1155
"1156",2,116,39,52.5354166666667,0.8,1156
"1157",2,116,51,52.5354166666667,0.8,1157
"1158",2,116,54,52.5354166666667,0.8,1158
"1159",2,116,59,52.5354166666667,0.8,1159
"1160",2,116,74,52.5354166666667,0.8,1160
"1161",2,116,79,52.5354166666667,0.8,1161
"1162",2,116,81,52.5354166666667,0.8,1162
"1163",2,116,85,52.5354166666667,0.8,1163
"1164",2,116,87,52.5354166666667,0.8,1164
"1165",2,116,95,52.5354166666667,0.8,1165
"1166",2,121,7,51.2540650406504,0.82,1166
"1167",2,121,14,51.2540650406504,0.82,1167
"1168",2,121,21,51.2540650406504,0.82,1168
"1169",2,121,43,51.2540650406504,0.82,1169
"1170",2,121,68,51.2540650406504,0.82,1170
"1171",2,121,73,51.2540650406504,0.82,1171
"1172",2,121,106,51.2540650406504,0.82,1172
"1173",2,121,129,51.2540650406504,0.82,1173
"1174",2,121,167,51.2540650406504,0.82,1174
"1175",2,121,182,51.2540650406504,0.82,1175
"1176",2,121,187,51.2540650406504,0.82,1176
"1177",2,121,225,51.2540650406504,0.82,1177
"1178",2,127,1,47.7594696969697,0.88,1178
"1179",2,127,7,47.7594696969697,0.88,1179
"1180",2,127,14,47.7594696969697,0.88,1180
"1181",2,127,21,47.7594696969697,0.88,1181
"1182",2,127,34,47.7594696969697,0.88,1182
"1183",2,127,39,47.7594696969697,0.88,1183
"1184",2,127,43,47.7594696969697,0.88,1184
"1185",2,127,51,47.7594696969697,0.88,1185
"1186",2,127,54,47.7594696969697,0.88,1186
"1187",2,127,59,47.7594696969697,0.88,1187
"1188",2,127,68,47.7594696969697,0.88,1188
"1189",2,127,82,47.7594696969697,0.88,1189
"1190",2,127,85,47.7594696969697,0.88,1190
"1191",2,127,87,47.7594696969697,0.88,1191
"1192",2,127,97,47.7594696969697,0.88,1192
"1193",2,127,106,47.7594696969697,0.88,1193
"1194",2,127,110,47.7594696969697,0.88,1194
"1195",2,127,121,47.7594696969697,0.88,1195
"1196",2,133,7,47.7594696969697,0.88,1196
"1197",2,133,21,47.7594696969697,0.88,1197
"1198",2,133,37,47.7594696969697,0.88,1198
"1199",2,133,85,47.7594696969697,0.88,1199
"1200",2,133,105,47.7594696969697,0.88,1200
"1201",2,133,129,47.7594696969697,0.88,1201
"1202",2,133,167,47.7594696969697,0.88,1202
"1203",2,133,182,47.7594696969697,0.88,1203
"1204",2,133,213,47.7594696969697,0.88,1204
"1205",2,133,217,47.7594696969697,0.88,1205
"1206",2,133,229,47.7594696969697,0.88,1206
"1207",2,133,238,47.7594696969697,0.88,1207
"1208",2,139,1,51.8868312757202,0.81,1208
"1209",2,139,7,51.8868312757202,0.81,1209
"1210",2,139,14,51.8868312757202,0.81,1210
"1211",2,139,34,51.8868312757202,0.81,1211
"1212",2,139,37,51.8868312757202,0.81,1212
"1213",2,139,39,51.8868312757202,0.81,1213
"1214",2,139,43,51.8868312757202,0.81,1214
"1215",2,139,44,51.8868312757202,0.81,1215
"1216",2,139,51,51.8868312757202,0.81,1216
"1217",2,139,59,51.8868312757202,0.81,1217
"1218",2,139,68,51.8868312757202,0.81,1218
"1219",2,139,74,51.8868312757202,0.81,1219
"1220",2,139,85,51.8868312757202,0.81,1220
"1221",2,144,20,48.3084291187739,0.87,1221
"1222",2,144,37,48.3084291187739,0.87,1222
"1223",2,144,42,48.3084291187739,0.87,1223
"1224",2,144,44,48.3084291187739,0.87,1224
"1225",2,144,70,48.3084291187739,0.87,1225
"1226",2,144,79,48.3084291187739,0.87,1226
"1227",2,144,85,48.3084291187739,0.87,1227
"1228",2,144,89,48.3084291187739,0.87,1228
"1229",2,144,105,48.3084291187739,0.87,1229
"1230",2,144,111,48.3084291187739,0.87,1230
"1231",2,144,129,48.3084291187739,0.87,1231
"1232",2,144,165,48.3084291187739,0.87,1232
"1233",2,144,167,48.3084291187739,0.87,1233
"1234",2,144,213,48.3084291187739,0.87,1234
"1235",2,144,217,48.3084291187739,0.87,1235
"1236",2,144,263,48.3084291187739,0.87,1236
"1237",2,144,270,48.3084291187739,0.87,1237
"1238",2,148,1,47.2228464419476,0.89,1238
"1239",2,148,21,47.2228464419476,0.89,1239
"1240",2,148,34,47.2228464419476,0.89,1240
"1241",2,148,39,47.2228464419476,0.89,1241
"1242",2,148,43,47.2228464419476,0.89,1242
"1243",2,148,51,47.2228464419476,0.89,1243
"1244",2,148,54,47.2228464419476,0.89,1244
"1245",2,148,59,47.2228464419476,0.89,1245
"1246",2,148,68,47.2228464419476,0.89,1246
"1247",2,148,73,47.2228464419476,0.89,1247
"1248",2,148,74,47.2228464419476,0.89,1248
"1249",2,148,79,47.2228464419476,0.89,1249
"1250",2,148,82,47.2228464419476,0.89,1250
"1251",2,148,85,47.2228464419476,0.89,1251
"1252",2,148,87,47.2228464419476,0.89,1252
"1253",2,148,97,47.2228464419476,0.89,1253
"1254",2,148,106,47.2228464419476,0.89,1254
"1255",3,2,37,56.6981707317073,0.82,1255
"1256",3,2,42,56.6981707317073,0.82,1256
"1257",3,2,79,56.6981707317073,0.82,1257
"1258",3,2,105,56.6981707317073,0.82,1258
"1259",3,2,129,56.6981707317073,0.82,1259
"1260",3,2,165,56.6981707317073,0.82,1260
"1261",3,2,167,56.6981707317073,0.82,1261
"1262",3,2,187,56.6981707317073,0.82,1262
"1263",3,2,213,56.6981707317073,0.82,1263
"1264",3,2,217,56.6981707317073,0.82,1264
"1265",3,2,263,56.6981707317073,0.82,1265
"1266",3,2,270,56.6981707317073,0.82,1266
"1267",3,2,290,56.6981707317073,0.82,1267
"1268",3,2,299,56.6981707317073,0.82,1268
"1269",3,2,307,56.6981707317073,0.82,1269
"1270",3,7,20,54.0610465116279,0.86,1270
"1271",3,7,37,54.0610465116279,0.86,1271
"1272",3,7,42,54.0610465116279,0.86,1272
"1273",3,7,44,54.0610465116279,0.86,1273
"1274",3,7,70,54.0610465116279,0.86,1274
"1275",3,7,85,54.0610465116279,0.86,1275
"1276",3,7,105,54.0610465116279,0.86,1276
"1277",3,7,111,54.0610465116279,0.86,1277
"1278",3,7,129,54.0610465116279,0.86,1278
"1279",3,7,165,54.0610465116279,0.86,1279
"1280",3,7,167,54.0610465116279,0.86,1280
"1281",3,7,187,54.0610465116279,0.86,1281
"1282",3,7,213,54.0610465116279,0.86,1282
"1283",3,7,217,54.0610465116279,0.86,1283
"1284",3,7,263,54.0610465116279,0.86,1284
"1285",3,7,270,54.0610465116279,0.86,1285
"1286",3,7,277,54.0610465116279,0.86,1286
"1287",3,13,1,57.3981481481481,0.81,1287
"1288",3,13,7,57.3981481481481,0.81,1288
"1289",3,13,21,57.3981481481481,0.81,1289
"1290",3,13,33,57.3981481481481,0.81,1290
"1291",3,13,34,57.3981481481481,0.81,1291
"1292",3,13,35,57.3981481481481,0.81,1292
"1293",3,13,37,57.3981481481481,0.81,1293
"1294",3,13,39,57.3981481481481,0.81,1294
"1295",3,13,44,57.3981481481481,0.81,1295
"1296",3,13,51,57.3981481481481,0.81,1296
"1297",3,13,54,57.3981481481481,0.81,1297
"1298",3,13,59,57.3981481481481,0.81,1298
"1299",3,13,73,57.3981481481481,0.81,1299
"1300",3,13,74,57.3981481481481,0.81,1300
"1301",3,13,76,57.3981481481481,0.81,1301
"1302",3,13,82,57.3981481481481,0.81,1302
"1303",3,13,87,57.3981481481481,0.81,1303
"1304",3,19,7,58.115625,0.8,1304
"1305",3,19,14,58.115625,0.8,1305
"1306",3,19,34,58.115625,0.8,1306
"1307",3,19,51,58.115625,0.8,1307
"1308",3,19,68,58.115625,0.8,1308
"1309",3,19,74,58.115625,0.8,1309
"1310",3,19,106,58.115625,0.8,1310
"1311",3,19,110,58.115625,0.8,1311
"1312",3,19,129,58.115625,0.8,1312
"1313",3,19,162,58.115625,0.8,1313
"1314",3,19,167,58.115625,0.8,1314
"1315",3,19,179,58.115625,0.8,1315
"1316",3,24,14,54.0610465116279,0.86,1316
"1317",3,24,21,54.0610465116279,0.86,1317
"1318",3,24,37,54.0610465116279,0.86,1318
"1319",3,24,68,54.0610465116279,0.86,1319
"1320",3,24,85,54.0610465116279,0.86,1320
"1321",3,24,105,54.0610465116279,0.86,1321
"1322",3,24,106,54.0610465116279,0.86,1322
"1323",3,24,129,54.0610465116279,0.86,1323
"1324",3,24,162,54.0610465116279,0.86,1324
"1325",3,24,167,54.0610465116279,0.86,1325
"1326",3,24,182,54.0610465116279,0.86,1326
"1327",3,24,187,54.0610465116279,0.86,1327
"1328",3,24,210,54.0610465116279,0.86,1328
"1329",3,24,215,54.0610465116279,0.86,1329
"1330",3,28,1,59.6057692307692,0.78,1330
"1331",3,28,7,59.6057692307692,0.78,1331
"1332",3,28,9,59.6057692307692,0.78,1332
"1333",3,28,14,59.6057692307692,0.78,1333
"1334",3,28,15,59.6057692307692,0.78,1334
"1335",3,28,21,59.6057692307692,0.78,1335
"1336",3,28,25,59.6057692307692,0.78,1336
"1337",3,28,34,59.6057692307692,0.78,1337
"1338",3,28,37,59.6057692307692,0.78,1338
"1339",3,28,39,59.6057692307692,0.78,1339
"1340",3,28,41,59.6057692307692,0.78,1340
"1341",3,28,43,59.6057692307692,0.78,1341
"1342",3,28,46,59.6057692307692,0.78,1342
"1343",3,28,51,59.6057692307692,0.78,1343
"1344",3,28,54,59.6057692307692,0.78,1344
"1345",3,28,59,59.6057692307692,0.78,1345
"1346",3,28,61,59.6057692307692,0.78,1346
"1347",3,28,67,59.6057692307692,0.78,1347
"1348",3,28,68,59.6057692307692,0.78,1348
"1349",3,33,37,54.0610465116279,0.86,1349
"1350",3,33,42,54.0610465116279,0.86,1350
"1351",3,33,79,54.0610465116279,0.86,1351
"1352",3,33,89,54.0610465116279,0.86,1352
"1353",3,33,105,54.0610465116279,0.86,1353
"1354",3,33,167,54.0610465116279,0.86,1354
"1355",3,33,187,54.0610465116279,0.86,1355
"1356",3,33,217,54.0610465116279,0.86,1356
"1357",3,33,263,54.0610465116279,0.86,1357
"1358",3,33,270,54.0610465116279,0.86,1358
"1359",3,33,277,54.0610465116279,0.86,1359
"1360",3,33,289,54.0610465116279,0.86,1360
"1361",3,33,290,54.0610465116279,0.86,1361
"1362",3,33,307,54.0610465116279,0.86,1362
"1363",3,33,324,54.0610465116279,0.86,1363
"1364",3,38,85,60.3798701298701,0.77,1364
"1365",3,38,105,60.3798701298701,0.77,1365
"1366",3,38,129,60.3798701298701,0.77,1366
"1367",3,38,165,60.3798701298701,0.77,1367
"1368",3,38,167,60.3798701298701,0.77,1368
"1369",3,38,213,60.3798701298701,0.77,1369
"1370",3,38,217,60.3798701298701,0.77,1370
"1371",3,38,263,60.3798701298701,0.77,1371
"1372",3,38,270,60.3798701298701,0.77,1372
"1373",3,38,277,60.3798701298701,0.77,1373
"1374",3,38,290,60.3798701298701,0.77,1374
"1375",3,38,307,60.3798701298701,0.77,1375
"1376",3,38,324,60.3798701298701,0.77,1376
"1377",3,38,329,60.3798701298701,0.77,1377
"1378",3,38,330,60.3798701298701,0.77,1378
"1379",3,44,20,58.8512658227848,0.79,1379
"1380",3,44,37,58.8512658227848,0.79,1380
"1381",3,44,42,58.8512658227848,0.79,1381
"1382",3,44,44,58.8512658227848,0.79,1382
"1383",3,44,70,58.8512658227848,0.79,1383
"1384",3,44,79,58.8512658227848,0.79,1384
"1385",3,44,85,58.8512658227848,0.79,1385
"1386",3,44,89,58.8512658227848,0.79,1386
"1387",3,44,111,58.8512658227848,0.79,1387
"1388",3,44,129,58.8512658227848,0.79,1388
"1389",3,44,165,58.8512658227848,0.79,1389
"1390",3,44,167,58.8512658227848,0.79,1390
"1391",3,44,213,58.8512658227848,0.79,1391
"1392",3,44,217,58.8512658227848,0.79,1392
"1393",3,44,263,58.8512658227848,0.79,1393
"1394",3,44,270,58.8512658227848,0.79,1394
"1395",3,44,277,58.8512658227848,0.79,1395
"1396",3,49,37,60.3798701298701,0.77,1396
"1397",3,49,79,60.3798701298701,0.77,1397
"1398",3,49,85,60.3798701298701,0.77,1398
"1399",3,49,89,60.3798701298701,0.77,1399
"1400",3,49,129,60.3798701298701,0.77,1400
"1401",3,49,165,60.3798701298701,0.77,1401
"1402",3,49,167,60.3798701298701,0.77,1402
"1403",3,49,187,60.3798701298701,0.77,1403
"1404",3,49,217,60.3798701298701,0.77,1404
"1405",3,49,263,60.3798701298701,0.77,1405
"1406",3,49,270,60.3798701298701,0.77,1406
"1407",3,49,277,60.3798701298701,0.77,1407
"1408",3,49,299,60.3798701298701,0.77,1408
"1409",3,49,307,60.3798701298701,0.77,1409
"1410",3,49,324,60.3798701298701,0.77,1410
"1411",3,49,329,60.3798701298701,0.77,1411
"1412",3,49,330,60.3798701298701,0.77,1412
"1413",3,54,7,58.8512658227848,0.79,1413
"1414",3,54,14,58.8512658227848,0.79,1414
"1415",3,54,21,58.8512658227848,0.79,1415
"1416",3,54,34,58.8512658227848,0.79,1416
"1417",3,54,37,58.8512658227848,0.79,1417
"1418",3,54,43,58.8512658227848,0.79,1418
"1419",3,54,51,58.8512658227848,0.79,1419
"1420",3,54,73,58.8512658227848,0.79,1420
"1421",3,54,74,58.8512658227848,0.79,1421
"1422",3,54,79,58.8512658227848,0.79,1422
"1423",3,54,85,58.8512658227848,0.79,1423
"1424",3,54,105,58.8512658227848,0.79,1424
"1425",3,54,106,58.8512658227848,0.79,1425
"1426",3,54,110,58.8512658227848,0.79,1426
"1427",3,54,129,58.8512658227848,0.79,1427
"1428",3,54,162,58.8512658227848,0.79,1428
"1429",3,54,167,58.8512658227848,0.79,1429
"1430",3,54,176,58.8512658227848,0.79,1430
"1431",3,58,37,61.1743421052632,0.76,1431
"1432",3,58,79,61.1743421052632,0.76,1432
"1433",3,58,85,61.1743421052632,0.76,1433
"1434",3,58,89,61.1743421052632,0.76,1434
"1435",3,58,105,61.1743421052632,0.76,1435
"1436",3,58,129,61.1743421052632,0.76,1436
"1437",3,58,187,61.1743421052632,0.76,1437
"1438",3,58,213,61.1743421052632,0.76,1438
"1439",3,58,263,61.1743421052632,0.76,1439
"1440",3,58,277,61.1743421052632,0.76,1440
"1441",3,58,289,61.1743421052632,0.76,1441
"1442",3,58,290,61.1743421052632,0.76,1442
"1443",3,58,299,61.1743421052632,0.76,1443
"1444",3,61,7,54.6970588235294,0.85,1444
"1445",3,61,37,54.6970588235294,0.85,1445
"1446",3,61,43,54.6970588235294,0.85,1446
"1447",3,61,51,54.6970588235294,0.85,1447
"1448",3,61,68,54.6970588235294,0.85,1448
"1449",3,61,73,54.6970588235294,0.85,1449
"1450",3,61,79,54.6970588235294,0.85,1450
"1451",3,61,85,54.6970588235294,0.85,1451
"1452",3,61,105,54.6970588235294,0.85,1452
"1453",3,61,110,54.6970588235294,0.85,1453
"1454",3,61,162,54.6970588235294,0.85,1454
"1455",3,61,167,54.6970588235294,0.85,1455
"1456",3,61,177,54.6970588235294,0.85,1456
"1457",3,66,33,52.8323863636364,0.88,1457
"1458",3,66,34,52.8323863636364,0.88,1458
"1459",3,66,37,52.8323863636364,0.88,1459
"1460",3,66,79,52.8323863636364,0.88,1460
"1461",3,66,84,52.8323863636364,0.88,1461
"1462",3,66,85,52.8323863636364,0.88,1462
"1463",3,66,89,52.8323863636364,0.88,1463
"1464",3,66,105,52.8323863636364,0.88,1464
"1465",3,66,106,52.8323863636364,0.88,1465
"1466",3,66,110,52.8323863636364,0.88,1466
"1467",3,66,129,52.8323863636364,0.88,1467
"1468",3,66,167,52.8323863636364,0.88,1468
"1469",3,66,172,52.8323863636364,0.88,1469
"1470",3,66,187,52.8323863636364,0.88,1470
"1471",3,66,207,52.8323863636364,0.88,1471
"1472",3,66,213,52.8323863636364,0.88,1472
"1473",3,66,217,52.8323863636364,0.88,1473
"1474",3,66,229,52.8323863636364,0.88,1474
"1475",3,70,7,53.4396551724138,0.87,1475
"1476",3,70,14,53.4396551724138,0.87,1476
"1477",3,70,21,53.4396551724138,0.87,1477
"1478",3,70,37,53.4396551724138,0.87,1478
"1479",3,70,43,53.4396551724138,0.87,1479
"1480",3,70,51,53.4396551724138,0.87,1480
"1481",3,70,68,53.4396551724138,0.87,1481
"1482",3,70,73,53.4396551724138,0.87,1482
"1483",3,70,74,53.4396551724138,0.87,1483
"1484",3,70,85,53.4396551724138,0.87,1484
"1485",3,70,105,53.4396551724138,0.87,1485
"1486",3,70,110,53.4396551724138,0.87,1486
"1487",3,70,162,53.4396551724138,0.87,1487
"1488",3,70,165,53.4396551724138,0.87,1488
"1489",3,70,167,53.4396551724138,0.87,1489
"1490",3,70,182,53.4396551724138,0.87,1490
"1491",3,70,187,53.4396551724138,0.87,1491
"1492",3,76,14,53.4396551724138,0.87,1492
"1493",3,76,21,53.4396551724138,0.87,1493
"1494",3,76,37,53.4396551724138,0.87,1494
"1495",3,76,43,53.4396551724138,0.87,1495
"1496",3,76,51,53.4396551724138,0.87,1496
"1497",3,76,73,53.4396551724138,0.87,1497
"1498",3,76,74,53.4396551724138,0.87,1498
"1499",3,76,79,53.4396551724138,0.87,1499
"1500",3,76,85,53.4396551724138,0.87,1500
"1501",3,76,105,53.4396551724138,0.87,1501
"1502",3,76,106,53.4396551724138,0.87,1502
"1503",3,76,110,53.4396551724138,0.87,1503
"1504",3,76,126,53.4396551724138,0.87,1504
"1505",3,76,129,53.4396551724138,0.87,1505
"1506",3,76,167,53.4396551724138,0.87,1506
"1507",3,76,169,53.4396551724138,0.87,1507
"1508",3,82,1,56.6981707317073,0.82,1508
"1509",3,82,9,56.6981707317073,0.82,1509
"1510",3,82,10,56.6981707317073,0.82,1510
"1511",3,82,14,56.6981707317073,0.82,1511
"1512",3,82,15,56.6981707317073,0.82,1512
"1513",3,82,25,56.6981707317073,0.82,1513
"1514",3,82,34,56.6981707317073,0.82,1514
"1515",3,82,37,56.6981707317073,0.82,1515
"1516",3,82,39,56.6981707317073,0.82,1516
"1517",3,82,41,56.6981707317073,0.82,1517
"1518",3,82,46,56.6981707317073,0.82,1518
"1519",3,82,51,56.6981707317073,0.82,1519
"1520",3,82,59,56.6981707317073,0.82,1520
"1521",3,82,64,56.6981707317073,0.82,1521
"1522",3,82,66,56.6981707317073,0.82,1522
"1523",3,82,68,56.6981707317073,0.82,1523
"1524",3,89,1,57.3981481481481,0.81,1524
"1525",3,89,7,57.3981481481481,0.81,1525
"1526",3,89,21,57.3981481481481,0.81,1526
"1527",3,89,34,57.3981481481481,0.81,1527
"1528",3,89,37,57.3981481481481,0.81,1528
"1529",3,89,39,57.3981481481481,0.81,1529
"1530",3,89,51,57.3981481481481,0.81,1530
"1531",3,89,54,57.3981481481481,0.81,1531
"1532",3,89,59,57.3981481481481,0.81,1532
"1533",3,89,68,57.3981481481481,0.81,1533
"1534",3,89,73,57.3981481481481,0.81,1534
"1535",3,89,74,57.3981481481481,0.81,1535
"1536",3,89,79,57.3981481481481,0.81,1536
"1537",3,89,82,57.3981481481481,0.81,1537
"1538",3,89,86,57.3981481481481,0.81,1538
"1539",3,89,87,57.3981481481481,0.81,1539
"1540",3,89,93,57.3981481481481,0.81,1540
"1541",3,95,1,53.4396551724138,0.87,1541
"1542",3,95,7,53.4396551724138,0.87,1542
"1543",3,95,14,53.4396551724138,0.87,1543
"1544",3,95,21,53.4396551724138,0.87,1544
"1545",3,95,34,53.4396551724138,0.87,1545
"1546",3,95,39,53.4396551724138,0.87,1546
"1547",3,95,43,53.4396551724138,0.87,1547
"1548",3,95,51,53.4396551724138,0.87,1548
"1549",3,95,54,53.4396551724138,0.87,1549
"1550",3,95,68,53.4396551724138,0.87,1550
"1551",3,95,74,53.4396551724138,0.87,1551
"1552",3,95,82,53.4396551724138,0.87,1552
"1553",3,95,85,53.4396551724138,0.87,1553
"1554",3,95,87,53.4396551724138,0.87,1554
"1555",3,95,97,53.4396551724138,0.87,1555
"1556",3,95,106,53.4396551724138,0.87,1556
"1557",3,95,110,53.4396551724138,0.87,1557
"1558",3,95,121,53.4396551724138,0.87,1558
"1559",3,99,1,55.3482142857143,0.84,1559
"1560",3,99,7,55.3482142857143,0.84,1560
"1561",3,99,14,55.3482142857143,0.84,1561
"1562",3,99,21,55.3482142857143,0.84,1562
"1563",3,99,34,55.3482142857143,0.84,1563
"1564",3,99,39,55.3482142857143,0.84,1564
"1565",3,99,51,55.3482142857143,0.84,1565
"1566",3,99,54,55.3482142857143,0.84,1566
"1567",3,99,68,55.3482142857143,0.84,1567
"1568",3,99,73,55.3482142857143,0.84,1568
"1569",3,99,74,55.3482142857143,0.84,1569
"1570",3,99,82,55.3482142857143,0.84,1570
"1571",3,99,85,55.3482142857143,0.84,1571
"1572",3,99,87,55.3482142857143,0.84,1572
"1573",3,99,106,55.3482142857143,0.84,1573
"1574",3,99,121,55.3482142857143,0.84,1574
"1575",4,4,21,34.0549019607843,0.85,1575
"1576",4,4,34,34.0549019607843,0.85,1576
"1577",4,4,39,34.0549019607843,0.85,1577
"1578",4,4,43,34.0549019607843,0.85,1578
"1579",4,4,51,34.0549019607843,0.85,1579
"1580",4,4,54,34.0549019607843,0.85,1580
"1581",4,4,59,34.0549019607843,0.85,1581
"1582",4,4,68,34.0549019607843,0.85,1582
"1583",4,4,73,34.0549019607843,0.85,1583
"1584",4,4,74,34.0549019607843,0.85,1584
"1585",4,4,79,34.0549019607843,0.85,1585
"1586",4,4,82,34.0549019607843,0.85,1586
"1587",4,4,85,34.0549019607843,0.85,1587
"1588",4,4,87,34.0549019607843,0.85,1588
"1589",4,4,97,34.0549019607843,0.85,1589
"1590",4,4,106,34.0549019607843,0.85,1590
"1591",4,4,121,34.0549019607843,0.85,1591
"1592",4,7,20,36.1833333333333,0.8,1592
"1593",4,7,42,36.1833333333333,0.8,1593
"1594",4,7,44,36.1833333333333,0.8,1594
"1595",4,7,70,36.1833333333333,0.8,1595
"1596",4,7,79,36.1833333333333,0.8,1596
"1597",4,7,85,36.1833333333333,0.8,1597
"1598",4,7,89,36.1833333333333,0.8,1598
"1599",4,7,105,36.1833333333333,0.8,1599
"1600",4,7,111,36.1833333333333,0.8,1600
"1601",4,7,121,36.1833333333333,0.8,1601
"1602",4,7,129,36.1833333333333,0.8,1602
"1603",4,7,165,36.1833333333333,0.8,1603
"1604",4,7,167,36.1833333333333,0.8,1604
"1605",4,7,187,36.1833333333333,0.8,1605
"1606",4,7,213,36.1833333333333,0.8,1606
"1607",4,7,217,36.1833333333333,0.8,1607
"1608",4,7,263,36.1833333333333,0.8,1608
"1609",4,7,277,36.1833333333333,0.8,1609
"1610",4,12,1,36.6413502109705,0.79,1610
"1611",4,12,7,36.6413502109705,0.79,1611
"1612",4,12,9,36.6413502109705,0.79,1612
"1613",4,12,14,36.6413502109705,0.79,1613
"1614",4,12,15,36.6413502109705,0.79,1614
"1615",4,12,21,36.6413502109705,0.79,1615
"1616",4,12,25,36.6413502109705,0.79,1616
"1617",4,12,34,36.6413502109705,0.79,1617
"1618",4,12,37,36.6413502109705,0.79,1618
"1619",4,12,41,36.6413502109705,0.79,1619
"1620",4,12,43,36.6413502109705,0.79,1620
"1621",4,12,46,36.6413502109705,0.79,1621
"1622",4,12,51,36.6413502109705,0.79,1622
"1623",4,12,54,36.6413502109705,0.79,1623
"1624",4,12,57,36.6413502109705,0.79,1624
"1625",4,12,59,36.6413502109705,0.79,1625
"1626",4,12,67,36.6413502109705,0.79,1626
"1627",4,12,68,36.6413502109705,0.79,1627
"1628",4,15,1,32.162962962963,0.9,1628
"1629",4,15,7,32.162962962963,0.9,1629
"1630",4,15,14,32.162962962963,0.9,1630
"1631",4,15,34,32.162962962963,0.9,1631
"1632",4,15,37,32.162962962963,0.9,1632
"1633",4,15,39,32.162962962963,0.9,1633
"1634",4,15,43,32.162962962963,0.9,1634
"1635",4,15,51,32.162962962963,0.9,1635
"1636",4,15,54,32.162962962963,0.9,1636
"1637",4,15,59,32.162962962963,0.9,1637
"1638",4,15,68,32.162962962963,0.9,1638
"1639",4,15,73,32.162962962963,0.9,1639
"1640",4,15,74,32.162962962963,0.9,1640
"1641",4,15,82,32.162962962963,0.9,1641
"1642",4,15,87,32.162962962963,0.9,1642
"1643",4,15,95,32.162962962963,0.9,1643
"1644",4,19,20,34.0549019607843,0.85,1644
"1645",4,19,37,34.0549019607843,0.85,1645
"1646",4,19,42,34.0549019607843,0.85,1646
"1647",4,19,44,34.0549019607843,0.85,1647
"1648",4,19,70,34.0549019607843,0.85,1648
"1649",4,19,79,34.0549019607843,0.85,1649
"1650",4,19,85,34.0549019607843,0.85,1650
"1651",4,19,89,34.0549019607843,0.85,1651
"1652",4,19,111,34.0549019607843,0.85,1652
"1653",4,19,121,34.0549019607843,0.85,1653
"1654",4,19,129,34.0549019607843,0.85,1654
"1655",4,19,165,34.0549019607843,0.85,1655
"1656",4,19,167,34.0549019607843,0.85,1656
"1657",4,19,187,34.0549019607843,0.85,1657
"1658",4,19,213,34.0549019607843,0.85,1658
"1659",4,19,217,34.0549019607843,0.85,1659
"1660",4,19,277,34.0549019607843,0.85,1660
"1661",4,22,37,37.1111111111111,0.78,1661
"1662",4,22,79,37.1111111111111,0.78,1662
"1663",4,22,85,37.1111111111111,0.78,1663
"1664",4,22,89,37.1111111111111,0.78,1664
"1665",4,22,105,37.1111111111111,0.78,1665
"1666",4,22,167,37.1111111111111,0.78,1666
"1667",4,22,213,37.1111111111111,0.78,1667
"1668",4,22,217,37.1111111111111,0.78,1668
"1669",4,22,263,37.1111111111111,0.78,1669
"1670",4,22,290,37.1111111111111,0.78,1670
"1671",4,22,299,37.1111111111111,0.78,1671
"1672",4,22,329,37.1111111111111,0.78,1672
"1673",4,23,37,37.5930735930736,0.77,1673
"1674",4,23,42,37.5930735930736,0.77,1674
"1675",4,23,85,37.5930735930736,0.77,1675
"1676",4,23,111,37.5930735930736,0.77,1676
"1677",4,23,129,37.5930735930736,0.77,1677
"1678",4,23,165,37.5930735930736,0.77,1678
"1679",4,23,167,37.5930735930736,0.77,1679
"1680",4,23,187,37.5930735930736,0.77,1680
"1681",4,23,217,37.5930735930736,0.77,1681
"1682",4,23,270,37.5930735930736,0.77,1682
"1683",4,23,277,37.5930735930736,0.77,1683
"1684",4,23,289,37.5930735930736,0.77,1684
"1685",4,23,299,37.5930735930736,0.77,1685
"1686",4,23,307,37.5930735930736,0.77,1686
"1687",4,27,20,35.3008130081301,0.82,1687
"1688",4,27,37,35.3008130081301,0.82,1688
"1689",4,27,42,35.3008130081301,0.82,1689
"1690",4,27,44,35.3008130081301,0.82,1690
"1691",4,27,70,35.3008130081301,0.82,1691
"1692",4,27,79,35.3008130081301,0.82,1692
"1693",4,27,85,35.3008130081301,0.82,1693
"1694",4,27,89,35.3008130081301,0.82,1694
"1695",4,27,111,35.3008130081301,0.82,1695
"1696",4,27,121,35.3008130081301,0.82,1696
"1697",4,27,129,35.3008130081301,0.82,1697
"1698",4,27,165,35.3008130081301,0.82,1698
"1699",4,27,167,35.3008130081301,0.82,1699
"1700",4,27,217,35.3008130081301,0.82,1700
"1701",4,27,263,35.3008130081301,0.82,1701
"1702",4,27,270,35.3008130081301,0.82,1702
"1703",4,27,277,35.3008130081301,0.82,1703
"1704",4,31,7,32.5243445692884,0.89,1704
"1705",4,31,21,32.5243445692884,0.89,1705
"1706",4,31,33,32.5243445692884,0.89,1706
"1707",4,31,34,32.5243445692884,0.89,1707
"1708",4,31,37,32.5243445692884,0.89,1708
"1709",4,31,43,32.5243445692884,0.89,1709
"1710",4,31,51,32.5243445692884,0.89,1710
"1711",4,31,68,32.5243445692884,0.89,1711
"1712",4,31,73,32.5243445692884,0.89,1712
"1713",4,31,74,32.5243445692884,0.89,1713
"1714",4,31,79,32.5243445692884,0.89,1714
"1715",4,31,89,32.5243445692884,0.89,1715
"1716",4,31,105,32.5243445692884,0.89,1716
"1717",4,31,106,32.5243445692884,0.89,1717
"1718",4,31,110,32.5243445692884,0.89,1718
"1719",4,31,126,32.5243445692884,0.89,1719
"1720",4,31,129,32.5243445692884,0.89,1720
"1721",4,31,149,32.5243445692884,0.89,1721
"1722",4,35,4,34.4603174603175,0.84,1722
"1723",4,35,7,34.4603174603175,0.84,1723
"1724",4,35,9,34.4603174603175,0.84,1724
"1725",4,35,15,34.4603174603175,0.84,1725
"1726",4,35,18,34.4603174603175,0.84,1726
"1727",4,35,21,34.4603174603175,0.84,1727
"1728",4,35,23,34.4603174603175,0.84,1728
"1729",4,35,39,34.4603174603175,0.84,1729
"1730",4,35,43,34.4603174603175,0.84,1730
"1731",4,35,47,34.4603174603175,0.84,1731
"1732",4,35,49,34.4603174603175,0.84,1732
"1733",4,38,42,32.162962962963,0.9,1733
"1734",4,38,44,32.162962962963,0.9,1734
"1735",4,38,79,32.162962962963,0.9,1735
"1736",4,38,85,32.162962962963,0.9,1736
"1737",4,38,89,32.162962962963,0.9,1737
"1738",4,38,105,32.162962962963,0.9,1738
"1739",4,38,111,32.162962962963,0.9,1739
"1740",4,38,121,32.162962962963,0.9,1740
"1741",4,38,129,32.162962962963,0.9,1741
"1742",4,38,165,32.162962962963,0.9,1742
"1743",4,38,167,32.162962962963,0.9,1743
"1744",4,38,187,32.162962962963,0.9,1744
"1745",4,38,213,32.162962962963,0.9,1745
"1746",4,38,217,32.162962962963,0.9,1746
"1747",4,38,263,32.162962962963,0.9,1747
"1748",4,38,270,32.162962962963,0.9,1748
"1749",4,38,277,32.162962962963,0.9,1749
"1750",4,41,7,33.6589147286822,0.86,1750
"1751",4,41,21,33.6589147286822,0.86,1751
"1752",4,41,34,33.6589147286822,0.86,1752
"1753",4,41,37,33.6589147286822,0.86,1753
"1754",4,41,74,33.6589147286822,0.86,1754
"1755",4,41,85,33.6589147286822,0.86,1755
"1756",4,41,105,33.6589147286822,0.86,1756
"1757",4,41,106,33.6589147286822,0.86,1757
"1758",4,41,110,33.6589147286822,0.86,1758
"1759",4,41,129,33.6589147286822,0.86,1759
"1760",4,41,165,33.6589147286822,0.86,1760
"1761",4,41,167,33.6589147286822,0.86,1761
"1762",4,41,182,33.6589147286822,0.86,1762
"1763",4,41,187,33.6589147286822,0.86,1763
"1764",4,41,213,33.6589147286822,0.86,1764
"1765",4,41,217,33.6589147286822,0.86,1765
"1766",4,41,229,33.6589147286822,0.86,1766
"1767",4,41,238,33.6589147286822,0.86,1767
"1768",4,45,7,36.1833333333333,0.8,1768
"1769",4,45,14,36.1833333333333,0.8,1769
"1770",4,45,21,36.1833333333333,0.8,1770
"1771",4,45,34,36.1833333333333,0.8,1771
"1772",4,45,43,36.1833333333333,0.8,1772
"1773",4,45,51,36.1833333333333,0.8,1773
"1774",4,45,54,36.1833333333333,0.8,1774
"1775",4,45,59,36.1833333333333,0.8,1775
"1776",4,45,73,36.1833333333333,0.8,1776
"1777",4,45,74,36.1833333333333,0.8,1777
"1778",4,45,79,36.1833333333333,0.8,1778
"1779",4,45,82,36.1833333333333,0.8,1779
"1780",4,45,85,36.1833333333333,0.8,1780
"1781",4,45,87,36.1833333333333,0.8,1781
"1782",4,45,106,36.1833333333333,0.8,1782
"1783",4,45,110,36.1833333333333,0.8,1783
"1784",4,45,125,36.1833333333333,0.8,1784
"1785",4,48,37,35.7366255144033,0.81,1785
"1786",4,48,42,35.7366255144033,0.81,1786
"1787",4,48,44,35.7366255144033,0.81,1787
"1788",4,48,70,35.7366255144033,0.81,1788
"1789",4,48,79,35.7366255144033,0.81,1789
"1790",4,48,85,35.7366255144033,0.81,1790
"1791",4,48,89,35.7366255144033,0.81,1791
"1792",4,48,105,35.7366255144033,0.81,1792
"1793",4,48,129,35.7366255144033,0.81,1793
"1794",4,48,165,35.7366255144033,0.81,1794
"1795",4,48,167,35.7366255144033,0.81,1795
"1796",4,48,187,35.7366255144033,0.81,1796
"1797",4,48,263,35.7366255144033,0.81,1797
"1798",4,48,270,35.7366255144033,0.81,1798
"1799",4,50,7,37.5930735930736,0.77,1799
"1800",4,50,21,37.5930735930736,0.77,1800
"1801",4,50,43,37.5930735930736,0.77,1801
"1802",4,50,74,37.5930735930736,0.77,1802
"1803",4,50,85,37.5930735930736,0.77,1803
"1804",4,50,106,37.5930735930736,0.77,1804
"1805",4,50,129,37.5930735930736,0.77,1805
"1806",4,50,162,37.5930735930736,0.77,1806
"1807",4,50,182,37.5930735930736,0.77,1807
"1808",4,50,187,37.5930735930736,0.77,1808
"1809",4,50,213,37.5930735930736,0.77,1809
"1810",4,50,215,37.5930735930736,0.77,1810
"1811",5,1,1,26.4066666666667,0.75,1811
"1812",5,1,14,26.4066666666667,0.75,1812
"1813",5,1,21,26.4066666666667,0.75,1813
"1814",5,1,37,26.4066666666667,0.75,1814
"1815",5,1,39,26.4066666666667,0.75,1815
"1816",5,1,51,26.4066666666667,0.75,1816
"1817",5,1,59,26.4066666666667,0.75,1817
"1818",5,1,68,26.4066666666667,0.75,1818
"1819",5,1,73,26.4066666666667,0.75,1819
"1820",5,1,79,26.4066666666667,0.75,1820
"1821",5,1,82,26.4066666666667,0.75,1821
"1822",5,1,84,26.4066666666667,0.75,1822
"1823",5,1,85,26.4066666666667,0.75,1823
"1824",5,1,87,26.4066666666667,0.75,1824
"1825",5,1,92,26.4066666666667,0.75,1825
"1826",5,4,37,23.0290697674419,0.86,1826
"1827",5,4,42,23.0290697674419,0.86,1827
"1828",5,4,79,23.0290697674419,0.86,1828
"1829",5,4,85,23.0290697674419,0.86,1829
"1830",5,4,89,23.0290697674419,0.86,1830
"1831",5,4,105,23.0290697674419,0.86,1831
"1832",5,4,129,23.0290697674419,0.86,1832
"1833",5,4,165,23.0290697674419,0.86,1833
"1834",5,4,167,23.0290697674419,0.86,1834
"1835",5,4,213,23.0290697674419,0.86,1835
"1836",5,4,217,23.0290697674419,0.86,1836
"1837",5,4,263,23.0290697674419,0.86,1837
"1838",5,4,270,23.0290697674419,0.86,1838
"1839",5,4,277,23.0290697674419,0.86,1839
"1840",5,4,289,23.0290697674419,0.86,1840
"1841",5,4,290,23.0290697674419,0.86,1841
"1842",5,4,307,23.0290697674419,0.86,1842
"1843",5,4,324,23.0290697674419,0.86,1843
"1844",5,5,37,25.7207792207792,0.77,1844
"1845",5,5,42,25.7207792207792,0.77,1845
"1846",5,5,79,25.7207792207792,0.77,1846
"1847",5,5,89,25.7207792207792,0.77,1847
"1848",5,5,165,25.7207792207792,0.77,1848
"1849",5,5,263,25.7207792207792,0.77,1849
"1850",5,5,289,25.7207792207792,0.77,1850
"1851",5,5,290,25.7207792207792,0.77,1851
"1852",5,5,307,25.7207792207792,0.77,1852
"1853",5,5,324,25.7207792207792,0.77,1853
"1854",5,7,79,24.1524390243902,0.82,1854
"1855",5,7,85,24.1524390243902,0.82,1855
"1856",5,7,89,24.1524390243902,0.82,1856
"1857",5,7,105,24.1524390243902,0.82,1857
"1858",5,7,129,24.1524390243902,0.82,1858
"1859",5,7,165,24.1524390243902,0.82,1859
"1860",5,7,167,24.1524390243902,0.82,1860
"1861",5,7,187,24.1524390243902,0.82,1861
"1862",5,7,213,24.1524390243902,0.82,1862
"1863",5,7,263,24.1524390243902,0.82,1863
"1864",5,7,270,24.1524390243902,0.82,1864
"1865",5,7,299,24.1524390243902,0.82,1865
"1866",5,7,329,24.1524390243902,0.82,1866
"1867",5,7,330,24.1524390243902,0.82,1867
"1868",5,9,7,23.3,0.85,1868
"1869",5,9,14,23.3,0.85,1869
"1870",5,9,21,23.3,0.85,1870
"1871",5,9,33,23.3,0.85,1871
"1872",5,9,37,23.3,0.85,1872
"1873",5,9,39,23.3,0.85,1873
"1874",5,9,42,23.3,0.85,1874
"1875",5,9,43,23.3,0.85,1875
"1876",5,9,44,23.3,0.85,1876
"1877",5,9,51,23.3,0.85,1877
"1878",5,9,54,23.3,0.85,1878
"1879",5,9,59,23.3,0.85,1879
"1880",5,9,68,23.3,0.85,1880
"1881",5,9,72,23.3,0.85,1881
"1882",5,9,73,23.3,0.85,1882
"1883",5,9,74,23.3,0.85,1883
"1884",5,9,82,23.3,0.85,1884
"1885",5,12,1,22.0055555555556,0.9,1885
"1886",5,12,7,22.0055555555556,0.9,1886
"1887",5,12,21,22.0055555555556,0.9,1887
"1888",5,12,34,22.0055555555556,0.9,1888
"1889",5,12,37,22.0055555555556,0.9,1889
"1890",5,12,39,22.0055555555556,0.9,1890
"1891",5,12,43,22.0055555555556,0.9,1891
"1892",5,12,51,22.0055555555556,0.9,1892
"1893",5,12,54,22.0055555555556,0.9,1893
"1894",5,12,59,22.0055555555556,0.9,1894
"1895",5,12,68,22.0055555555556,0.9,1895
"1896",5,12,73,22.0055555555556,0.9,1896
"1897",5,12,74,22.0055555555556,0.9,1897
"1898",5,12,79,22.0055555555556,0.9,1898
"1899",5,12,82,22.0055555555556,0.9,1899
"1900",5,12,85,22.0055555555556,0.9,1900
"1901",5,12,87,22.0055555555556,0.9,1901
"1902",5,12,101,22.0055555555556,0.9,1902
"1903",5,15,1,24.1524390243902,0.82,1903
"1904",5,15,7,24.1524390243902,0.82,1904
"1905",5,15,10,24.1524390243902,0.82,1905
"1906",5,15,14,24.1524390243902,0.82,1906
"1907",5,15,15,24.1524390243902,0.82,1907
"1908",5,15,21,24.1524390243902,0.82,1908
"1909",5,15,33,24.1524390243902,0.82,1909
"1910",5,15,37,24.1524390243902,0.82,1910
"1911",5,15,42,24.1524390243902,0.82,1911
"1912",5,15,46,24.1524390243902,0.82,1912
"1913",5,15,51,24.1524390243902,0.82,1913
"1914",5,15,59,24.1524390243902,0.82,1914
"1915",5,15,62,24.1524390243902,0.82,1915
"1916",5,18,7,24.1524390243902,0.82,1916
"1917",5,18,14,24.1524390243902,0.82,1917
"1918",5,18,34,24.1524390243902,0.82,1918
"1919",5,18,37,24.1524390243902,0.82,1919
"1920",5,18,43,24.1524390243902,0.82,1920
"1921",5,18,51,24.1524390243902,0.82,1921
"1922",5,18,73,24.1524390243902,0.82,1922
"1923",5,18,74,24.1524390243902,0.82,1923
"1924",5,18,79,24.1524390243902,0.82,1924
"1925",5,18,85,24.1524390243902,0.82,1925
"1926",5,18,89,24.1524390243902,0.82,1926
"1927",5,18,105,24.1524390243902,0.82,1927
"1928",5,18,106,24.1524390243902,0.82,1928
"1929",5,18,129,24.1524390243902,0.82,1929
"1930",5,18,131,24.1524390243902,0.82,1930
"1931",5,18,136,24.1524390243902,0.82,1931
"1932",5,20,7,25.3910256410256,0.78,1932
"1933",5,20,14,25.3910256410256,0.78,1933
"1934",5,20,21,25.3910256410256,0.78,1934
"1935",5,20,34,25.3910256410256,0.78,1935
"1936",5,20,37,25.3910256410256,0.78,1936
"1937",5,20,43,25.3910256410256,0.78,1937
"1938",5,20,51,25.3910256410256,0.78,1938
"1939",5,20,73,25.3910256410256,0.78,1939
"1940",5,20,74,25.3910256410256,0.78,1940
"1941",5,20,85,25.3910256410256,0.78,1941
"1942",5,20,89,25.3910256410256,0.78,1942
"1943",5,20,101,25.3910256410256,0.78,1943
"1944",5,20,105,25.3910256410256,0.78,1944
"1945",5,20,106,25.3910256410256,0.78,1945
"1946",5,20,110,25.3910256410256,0.78,1946
"1947",5,20,129,25.3910256410256,0.78,1947
"1948",5,20,130,25.3910256410256,0.78,1948
"1949",5,20,135,25.3910256410256,0.78,1949
"1950",5,24,1,23.0290697674419,0.86,1950
"1951",5,24,7,23.0290697674419,0.86,1951
"1952",5,24,21,23.0290697674419,0.86,1952
"1953",5,24,34,23.0290697674419,0.86,1953
"1954",5,24,37,23.0290697674419,0.86,1954
"1955",5,24,39,23.0290697674419,0.86,1955
"1956",5,24,43,23.0290697674419,0.86,1956
"1957",5,24,51,23.0290697674419,0.86,1957
"1958",5,24,54,23.0290697674419,0.86,1958
"1959",5,24,59,23.0290697674419,0.86,1959
"1960",5,24,68,23.0290697674419,0.86,1960
"1961",5,24,74,23.0290697674419,0.86,1961
"1962",5,24,79,23.0290697674419,0.86,1962
"1963",5,24,85,23.0290697674419,0.86,1963
"1964",5,24,97,23.0290697674419,0.86,1964
